チャンネル名	クラス		テキスト
kaden-channel	1		ソニーだいじょうぶ？　PS Vitaの質問ページがちょっと変で話題になり、ソニーは慌てて修正
kaden-channel	1		お風呂場がベター!?　iPhoneの保護シールがうまく貼れない人にヒント
it-life-hack	0		24時間しょこたん三昧　本日0時より「中川翔子が売ってみた！独り24時間テレビ」ニコニコ生放送開始
kaden-channel	1		『癒し』と『安眠サポート』—部屋中をほんのり桜色に照らすＬＥＤ照明シャープＤＬ−Ｃ６０４Ｖ
it-life-hack	0		あの名作に隠された秘密！スラムダンクの秘密　完全版
kaden-channel	1		タムロンのEマウントレンズを純正レンズと比べてみた
kaden-channel	1		普通の小学生に戻ってほしい？　人気子役の愛菜ちゃんが消えてほしい芸能人１位に
it-life-hack	0		先週気になったニュースや話題を振り返る「ITフラッシュバック」
it-life-hack	0		iPhone用オモシロアプリからお役立ちアプリまで一挙紹介
it-life-hack	0		駆け込み購入で「しまった」を挽回できる！古い液晶テレビを最新にする作戦
kaden-channel	1		安全でスタイリッシュ！タイガー電気ケトル「PCD-A型」で賢く節電
kaden-channel	1		以前の方が面白かった？　学生が選ぶ「復活してほしいバラエティ」に納得の声
kaden-channel	1		どっちが問題？　韓国ロケで激怒する中国人女優と、それをバッシングする韓国人
it-life-hack	0		次世代セキュリティソフト「ノートン360 v6」を徹底検証！ITライフハック編集長が使ってみた
it-life-hack	0		Macの次期OS「Mountain Lion」の真の狙いとは？ 
kaden-channel	1		第8回上映 中野 森 監督作品　　　　　 『今日は秋刀魚の日』
it-life-hack	0		七夕の願いは済んだ？　短冊に書かれたユニークな願いが話題に
it-life-hack	0		自然とはなんと偉大なんだろう！孫社長″言葉不要の美しさ″
it-life-hack	0		おはこんこん！紺子ぬいぐるみ、7月頃に出来上がるよ
kaden-channel	1		サムスンWindows8 タブレットが人間の脳波でスケボーを操作する!?　テキサスでおもしろ実験に挑む
it-life-hack	0		Safariのリーダー機能をFirefoxで アドオン「Evernote Clearly」
it-life-hack	0		WordやExcelでよく使うコマンドをワンクリックで実行する
it-life-hack	0		大切な投稿を見逃さない！友達管理が簡単に！個性派Facebookにするテクニックまとめ
it-life-hack	0		あなたのiPhoneサクサク動く？　もしダメなら「サクサク for iPhone 改」
kaden-channel	1		今度こそ？　バッテリー問題を修正した「iOS 5.0.2」をアップルがリリースか
kaden-channel	1		お年賀には映画をプレゼント？　日本初！「映画付年賀状」は365円
it-life-hack	0		未来の名プログラマーを育め！中高生150名がアプリ開発にチャレンジ
kaden-channel	1		かわいい頑張り屋さんロボ「じゅくすい君」は睡眠時無呼吸症候群の患者を顔をたたいてサポート
kaden-channel	1		ゆっくりなのがたまにキズ？　「USBあったかオニギリ ウォーマー（USBHTOW1）」に注目
kaden-channel	1		PCカメラとしての使用も可能な小型トイデジカメ「GH-TCAM30P」登場
kaden-channel	1		ドコモも登場で競争がより過熱！？　来年夏にドコモがiPhone参入か
kaden-channel	1		春だ！モテたい!!　日立マクセル「Ａｎｇｅｌｉｑｕｅ（アンジェリーク）」は第一印象をナントカしてくれるモバイルアイテム
kaden-channel	1		家電の不調時に役立つ！　工場出荷時状態へのリセット方法がわかる便利サイト「Factory Reset」
kaden-channel	1		パンクを過去のものにする、空気なしタイヤ
it-life-hack	0		GeForce GTX 660 Ti搭載PC登場！　ドスパラより新型GPU搭載モデル発売開始
kaden-channel	1		毒舌ブームはまだまだ続くか？　テレビに一番多く出た有吉の2012年はどうなる？
kaden-channel	1		自分で作れる！　太陽撮影キットを使って、金星の日面通過を観測
it-life-hack	0		Excel表をらくらく修正！ドラッグで列の順序を入れ替える
it-life-hack	0		いつでもどこでもUltrabook生活！HP「Folio13-1000」のレビューア3名を募集
it-life-hack	0		PCの次世代利用モデルを創出へ インテルつくばに新センター開設
it-life-hack	0		ThinkPad X1風アイソレーションタイプへ！ ThinkPad新シリーズのキーボード一大変更
it-life-hack	0		最新スマホに最強兵器が登場！ソフトバンク AQUOS PHONE 104SH対応大容量バッテリー
it-life-hack	0		ファイル整理に役立つ！　カメラの情報表示
kaden-channel	1		真夏の夜のお勧め恐怖監督「ダリオ・アルジェント」
kaden-channel	1		重さで容量がわかる！　コンクリートでできたUSBがおもしろい！！
it-life-hack	0		FBのカバー部の見栄えをカッコ良く！「Facebook Cover Designer」
it-life-hack	0		最新モバイルルーターに強い味方！ドコモ BF-01D用大型大容量バッテリー
kaden-channel	1		連載●極・ト書き一行のカット割り! 第9回
kaden-channel	1		iPhoneに国産アンドロイドがついに逆襲！　ドコモの「AQUOS PHONE SH-01D」が販売ランキング１位に
kaden-channel	1		棒料理が得意？　テレビ出演多数の二股被害者が作る料理が不思議だと話題
it-life-hack	0		LAWSON Wi-Fiが大炎上！　WiFiサービスを使うと友達を無くす規約にTwitterが騒然
it-life-hack	0		写真の撮り方がうますぎる！孫社長 桜を詠んだ句と写真が話題
it-life-hack	0		ソニーのモノ造りの健在を体感できる！技術をぎゅーっと凝縮したソニーのDSC-WX100
it-life-hack	0		その真相や如何に！ミクシィ、身売り報道にコメント
it-life-hack	0		地デジ＆BS/CSデジタル対応ハイビジョンレコーダーのレビューアー10名を募集
kaden-channel	1		ポイズンが足りない！　新ＧＴＯは反町版ＧＴＯと何が違うのか
it-life-hack	0		2200mAhでわずか65g！GALAXYを最強にするバッテリー内蔵ケース
kaden-channel	1		次はアップルは何をする？　今月末の発表会でのテーマは「メディア関係」−　セルフパブリッシングについてとの噂も
it-life-hack	0		Windowsトラブル時にデータを救出！Ubuntuの便利な機能アレコレ 
it-life-hack	0		Googleドライブで企画や計算書をメンバーと共有
it-life-hack	0		スマホで使える驚愕の次世代眼鏡！身に付けられるディスプレイ
kaden-channel	1		次世代Xbox 720は年明けすぐに発表か？　この冬買いたいゲーム機をおさらいしよう
kaden-channel	1		カシオ「EX-FC200S」でスロー映像で自分のゴルフスイングを分析
it-life-hack	0		カワイイは正義！　おかもとまりさんのカワイすぎる顔真似メイキングが反則過ぎる
kaden-channel	1		NTTドコモがイギリスのボーダフォンと事業提携へ
it-life-hack	0		ケーブルいらずのスマホバッテリ！情報満載の1日を振り返る
kaden-channel	1		亀梨和也も「気持ちい〜！」　パナソニックからメンズ用の頭皮ケアアイテムが登場！　
it-life-hack	0		ふぉっくす紺子だよ！アキバとPC業界を応援します
it-life-hack	0		アップル、デベロッパプレビューをリリース！次期Mac OS X「Mountain Lion」が明らかに
kaden-channel	1		ソニー・エリクソンがXperia rayで女性市場をターゲットにした理由　
kaden-channel	1		女子から圧倒的な人気！　オシャレでスキャンダルな「ゴシップガール」シーズン１〜３がHuluで一挙公開に
kaden-channel	1		「リア充」演出してる？　フェイスブックでのキャラの違いに違和感
it-life-hack	0		原因判明！ アップデート中のWindows XPで青画面が続出した「ブルースクリーン祭り」
kaden-channel	1		Android初心者必見！「女の子のためのアンドロイド講座」がニコ動で公開
it-life-hack	0		PCを使いこなす小技が満載！　裏技やOffice系アプリ使いこなしまでを振り返る
it-life-hack	0		117万2132件の動画中最高の1本！ニコニコ動画「第4回動画アワード」グランプリ作品決定
kaden-channel	1		スマホでゲリラ豪雨に備える
it-life-hack	0		仲間内だけでヒミツの会話　Facebookのグループ機能
kaden-channel	1		レゲエの神様ボブ・マーリーの精神を引き継いだライフスタイル・オーディオ待望の日本デビュー
kaden-channel	1		何をしたらいいのかわからない！　スマホのセキュリティ対策をしない理由
kaden-channel	1		独自開発のローラータイプで３つのケア！　自宅でイオンケアができるオリジナル美顔器「イオンマイエステＩＩ」
kaden-channel	1		カシオ、女性向け愛らしいデザインのコンパクトデジカメを発売
kaden-channel	1		驚異の重低音ポータブルプレーヤーCreative Zen X-F13
it-life-hack	0		なにかが起こるっ！4コマ、もうすぐ100回になるんだよ
kaden-channel	1		原因は韓国の勢い　−　ソニーが家庭向け有機ELテレビの販売・製造から撤退 
kaden-channel	1		ガガ様がNHKを救うか？「第62回NHK紅白歌合戦」に出演決定
it-life-hack	0		電源不要でボリュームアップ！？ エコなのに音量増幅できるiPhone用スタンド
kaden-channel	1		ソーシャル活用でコネを作るのは当たり前？　堂々と縁故採用宣言の岩波書店に「おかしくない」の声
it-life-hack	0		「隠れSATAポート」を活用！eSATAによる外付けに挑戦 - 続インテル SSD 520をMacに装着 (上)
kaden-channel	1		実験みたい！？あっという間に水道水から炭酸水を作るおもしろソーダメーカー
kaden-channel	1		ツイッターでストレス発散？　ローラが老人の弁当のおかずを聞かれ「もちーo(^u^)o」
kaden-channel	1		「暑い」といえば涼しくなる！世界初の声に反応するエアコン「大清快ＶＯｉＣＥ　ＮＤＲシリーズ」が東芝から発売
it-life-hack	0		アナタはどっち派？「谷間」対「太もも」　じわじわ広がる「#女子ふともも晒し祭り」
it-life-hack	0		重量を当ててUltrabookをゲット！ NEC LaVie Zの重さ当てクイズ
kaden-channel	1		ヤマダ電機へ対抗で業界２位へ！　ビックカメラがコジマを買収でポイントはどうなる？
it-life-hack	0		次に見れるのは3年後？　先週末に見れたブルームーンが綺麗だと話題に
kaden-channel	1		みんな使ってる？　Google＋の国内利用者数は220万人
it-life-hack	0		高品質なレッツノートの工場！開発現場並みの検査施設
kaden-channel	1		11月号 別冊付録 キヤノン iVIS HF G10 Perfect Book
it-life-hack	0		iPhone、iPodの音質が劇的改善！ 「FANTABIT」で音楽に革命を
it-life-hack	0		Firefoxの超簡単ブックマーク登録ワザ
kaden-channel	1		ピカチュウにいつでも会える！　Huluに大人気の「ポケモン」シリーズが初登場!!　キッズも大満足の400話以上が視聴可能に
it-life-hack	0		GoogleドライブのファイルをiPhoneからダイレクトに編集する
it-life-hack	0		日本最大級のショッピングポータルがオープン！「イオンスクエア」が凄い理由
kaden-channel	1		使い方が想像できないと話題！　Googleショッピングで販売中のミシンがすごい
it-life-hack	0		古いWiFi環境に追加するだけ！　最大300Mbps通信を可能にする家電用アクセスポイント
kaden-channel	1		シンプルが一番—シャープ空気清浄機FU-A51
it-life-hack	0		正論。でもしんどいときもある！孫社長「人生は己の判断で決めるべき」
it-life-hack	0		トラブル解決に役立つMSのサイト！Windows Sysinternals TechCenter
it-life-hack	0		PSPソックリのAndroid端末が登場！レッドスター、携帯ゲーム機「JXD 5000」を販売へ
kaden-channel	1		本格的なみそ汁をマルコメがサポート！　バージョンアップした小型みそ汁サーバーと新具材が販売開始
kaden-channel	1		あなたのIDは大丈夫？　「楽天ポイント」の不正利用問題、被害規模は拡大か
it-life-hack	0		こんこん、ふぉっくす紺子です！MMD動画、配信中です
it-life-hack	0		芸能・ゴシップネタはこちら！ ITライフハックでは読めない話題は三面貴族で読もう！
kaden-channel	1		スマホを自分で除菌するのが新常識に！？　手軽な小型紫外線滅菌器「UVサニタイザー」がオススメ
kaden-channel	1		MOOK「デジタルムービー実践ガイドブック」映像リンク情報
kaden-channel	1		ケータイでテレビを見るのは当たり前「ひかりTV」が年内にモバイル専用プラン開始
it-life-hack	0		面白い生放送がわかる新機能　ニコ生の「ルーキーランキング」と「Tweetまとめ」を試した
it-life-hack	0		iPhone撮影の手ブレを防ぐ！ iPhone用のシャッター延長アクセサリー
it-life-hack	0		こんこん、ふぉっくす紺子だよ！踊ってる紺子動画も見に行ってね
it-life-hack	0		ユニークなアイデアが満載！目からウロコの商品しか売らないショップ
it-life-hack	0		脳トレしたい人にオススメ！NumberLink – Sudoku style game
kaden-channel	1		10月11日〜16日に一番売れたデジカメはキャノン「IXY 600F」
kaden-channel	1		ハンサムな夫婦のための子育て電動自転車に新色が新発売—ブリジストン「HYDEE.B（ハイディビー）」
kaden-channel	1		これは便利！　iPhoneにキーボードを付けられるケースが登場
kaden-channel	1		中国における日本文化が解禁。日本アニメが正規配信され中国で大ブーム
kaden-channel	1		SANYOの歴史終わる……今後はパナソニックに統合
kaden-channel	1		タイ洪水被害でパソコン、デジタルカメラ生産に影響
it-life-hack	0		蘇れ青春！俺のオリジナル編集MDをスマホで聞いてくれ計画
it-life-hack	0		DL罰則化の動きが気になる！　ネットで盛り上がった話題を振り返る
kaden-channel	1		KDDIがiPhone向けアプリ「auお客さまサポート」 をリリース
kaden-channel	1		これなら手が届く！　2万円以下の家庭用放射線計測器大集合
kaden-channel	1		もうひと息、ホームメイドアイスで猛暑を乗り切れ！アイスクリームメーカー特集
it-life-hack	0		なるほど、そういうことか！Googleロゴが写真である理由
it-life-hack	0		大人のユーモア、大人の対応ですね！孫社長が自分の髪の毛にコメント
it-life-hack	0		最新PLC規格は最大240Mbps！　アイ・オー・データ機器より第3世代HD-PLCアダプター
kaden-channel	1		トイレでお小遣い稼ぎができるかも？　自分のトイレを有料で貸し出すアプリ
it-life-hack	0		本体なしでも育成とゲームが可能！ スマートペット育成記 （2）
it-life-hack	0		わずか7分で散会！ 改正著作権法案が参院文教科学委員会を通過し本会議へ！
kaden-channel	1		雷対策でパソコンを守ろう
it-life-hack	0		おはこんです！紺子のＭＭＤ動画が流れる予定ですっ
kaden-channel	1		電磁波が原因！あなたはの体調不良は「電磁波過敏症」かも？
kaden-channel	1		４つのアイテムでスタイリング！　いつもの写真をワンランクアップしてかわいい写真を撮る方法
it-life-hack	0		本日のGoogleロゴはテーブルテニス　Googleロゴがスポーツ関連画像に変化第四弾
kaden-channel	1		EDIUS 3D プレビューバージョン テスター募集のお知らせ
kaden-channel	1		開業まであと少し！　東京スカイツリーと星空をお風呂でも楽しめる『ＨＯＭＥＳＴＡＲ　ＡＱＵＡ東京スカイツリー（Ｒ）　粋風／雅風』
it-life-hack	0		いい大人が癒やされたくなった！ スマートペット育成記 （1）
it-life-hack	0		個性派Facebookにしよう！　みんなと違う背景にする方法
kaden-channel	1		USBとシガーソケット電源対応加湿器GH-USB-MISTM
it-life-hack	0		緊急速報！ちょっとしたアクシデントも発生！最強の電子ブックリーダー「kobo Touch」開封レポ
kaden-channel	1		美人過ぎる低周波治療器!?　アクセサリー感覚の「ネックリフレ」新発売
kaden-channel	1		過去３００年の新聞をすべてアーカイブ！　大英国図書館が有料サービスを開始
it-life-hack	0		納得いかない写真は見せない！　Facebookのタグ付き写真は承認する
it-life-hack	0		HDD内を徹底調査！PageDefragのお供に最適なDiskView
it-life-hack	0		Facebookに潜む「乗っ取り」のリスク！　SNS対策レポートをソースネクストが公表
kaden-channel	1		人気のエネループにおいしそうなシリーズが限定登場！
it-life-hack	0		イザというときのZohoがパワーアップ！ZohoのオフィスシリーズがGoogleドライブと連携
kaden-channel	1		嘘泣きじゃない！　柳美里が北朝鮮市民の涙のワケを解説
kaden-channel	1		ブラックマジックデザイン、Final Cut Pro X 10.0.3ブロードキャストモニタリングに対応
kaden-channel	1		今年は満を持して新製品ラッシュ？ソニーからデジタル一眼カメラ“α”（アルファ）シリーズ発売
it-life-hack	0		衆院を通過しカウントダウン開始！　違法ダウンロード刑罰化改正法案
kaden-channel	1		復帰間近か？　宇多田ヒカルの活発なツイッターに注目
it-life-hack	0		iPadでオリンピックを見よう！地デジを無線化して、どこでもテレビだ
kaden-channel	1		人間より丁寧に掃除！賢さがアップした「ルンバ700シリーズ」
it-life-hack	0		新しいウィンドウを素早く開いて次の作業を開始
kaden-channel	1		スマホで熱中症を避ける
it-life-hack	0		スマホやタブレットの活用グッズが満載！　バッテリー切れから車載対応までイケショップで解決！
kaden-channel	1		子どもだけにはもったいない！　トイストーリーの世界を体験できそうなカメラ付きミニカー
it-life-hack	0		iPad/iPhoneの文字入力を快適に！Bluetooth対応ワイヤレスキーボード
kaden-channel	1		豪徳寺美鈴お気に入りのレンジはなに？　「Kiss」で連載スタートの「家電の女」を読んでみた
kaden-channel	1		３D映像にハマる！ソニーのゴーグル型ディスプレイHMZ-T1
it-life-hack	0		話題のスマホに最適な高級ケース！AQUOS PHONE SoftBank 103SH用ケース
kaden-channel	1		速い！　進化したオートフォーカスは0.1秒！！　リコーが「CX6」を発売
kaden-channel	1		虐待だ！の声多数、日テレで人気のワンコが声帯除去手術を受けていた事実に非難殺到
it-life-hack	0		今日は、そういう日だったのか！Googleロゴが馬の写真である理由
kaden-channel	1		薄型テレビ：アーリーアダプターは買い替えの季節か？
kaden-channel	1		アンドロイドアプリを徹底解説！「Appmax」がデザインを一新
it-life-hack	0		「なつき度」アップで要求が次々！ スマートペット育成記 (3)
it-life-hack	0		テレビ電話にもなる！ iPad対応のBluetoothキーボードとハンドセット
kaden-channel	1		やっぱりマリオはスーパーだった？　任天堂をマリオが救う！
it-life-hack	0		Ultrabookで使えるポータブルBD！パイオニアの世界最小・最軽量のBD/DVD/CDライターの性能に驚愕
it-life-hack	0		「Ubuntu One」はLinux対応 楽曲ストリーミング対応のクラウド
it-life-hack	0		ラジオ会館×カムイがコラボ！ふぉっくす紺子ちゃんが応援
kaden-channel	1		アメリカではすでに導入の「グーグルショッピング」ってなに？
it-life-hack	0		スマホでシャッター＋デジタル一眼レフ画質のAPS HDセンサー搭載ミラーレスデジ一眼「NEX-5R」を発表
kaden-channel	1		「韓流ばかり」「すべてがゴリ押し」テレビを見なくなった理由は？
kaden-channel	1		自覚のなさにびっくり！　AKB脱退騒動から見るソーシャルメディアの危険
it-life-hack	0		Windowsをより快適に使うノウハウ集
kaden-channel	1		第11回上映 小田 学 監督作品 『二人』
it-life-hack	0		ニコニコ超会議振り返り①　本気（マジ）の痛車のスゴさを実感
it-life-hack	0		ニコニコ超会議の来場者が9万人超え、配信での来場者は347万人超
it-life-hack	0		液晶を開けて自動復帰と電源入り パソコンの使い勝手を改善 
kaden-channel	1		おサイフケータイで体重と血圧データをウェブサイトのアカウントにお手軽転送
kaden-channel	1		スマホで選んだ話題を印刷！　イギリス発の小さなプリンターがかわいい
it-life-hack	0		より低消費電力なCPUにも対応！　ZOTACのmini-ITXマザーがXeon E3シリーズをサポート
it-life-hack	0		Facebookドリームから飛び出した19歳！驚くほどパワフルな写真の秘密を探る
kaden-channel	1		憧れのオシャレ家電をお得にゲット！　「アマダナ」福袋2012予約受付スタート
it-life-hack	0		お得に購入できる裏技あり！楽天の書籍端末が凄い5つの理由
it-life-hack	0		ユニークな両面液晶PC！次世代PCを見たCOMPTEXから変化があった新型ThinkPadまで
kaden-channel	1		コミック150巻が収納できる！　雑誌や写真集も楽しめる7型最軽量クラスの電子ブックリーダー東芝BookPlace DB50
it-life-hack	0		スマホ対応も進んで続々と機能アップ！進化するクラウド型ストレージサービス
it-life-hack	0		ハイスペックのグラフィックスを搭載！マウスコンピューター、コスパに優れた高性能ゲームPCを発売
it-life-hack	0		直感的に使えるマジックリモコン！LG、3D対応の液晶テレビ「LG Smart TV」が凄い
kaden-channel	1		連載●After Effects 天国への階段 第8回
kaden-channel	1		お気に入りのコスプレをいつでも鑑賞！　日本最大のコスプレコミュニティサイト「Cure」 がアンドロイド向けアプリをリリース
kaden-channel	1		声に反応！　東芝の「VoiPY」で電化製品を声でコントロール
it-life-hack	0		七人の侍によって開発された新素材！　NECのLaVie Zで使われた新素材の開発秘話
kaden-channel	1		ほぼ２人に１人はスマホ持ち！　アメリカでのスマホ普及が広がる
it-life-hack	0		ある日突然犯罪者扱いに？　無許可ダウンロードの罰則化が引き起こす問題
kaden-channel	1		まるでお抱えＤＪ！快適に踊り続けるための音楽プレーヤー新発売
it-life-hack	0		スマホからもアクセスできるNAS！アイ・オー・データ機器の高速NASのレビューアー10名を募集
it-life-hack	0		お気に入り写真がアイコンに！　写真フォルダー分類術
kaden-channel	1		白物家電はやっぱり店頭買いが主流！　洗濯機のネット通販はたった3.2％
kaden-channel	1		着脱式ソーラーパネル搭載、外出先で充電できるメンズバッグシリーズ「HALOS」
it-life-hack	0		スマホでカーナビを実現！純正ドリンクホルダーがスマホホルダーに早変わり
it-life-hack	0		オリンピック期間中は毎日更新？　Googleロゴがスポーツ関連画像に変化！
kaden-channel	1		視聴率は上がるか？　それともお茶の間が凍りつくか？　NHK大河が視聴率回復へ向けて濡れ場投入
it-life-hack	0		世界一周に挑戦する学生にiPadを贈る！孫社長の粋なはからいに感動の嵐
kaden-channel	1		音の編集講座「ステレオとモノラル」
kaden-channel	1		８２０億！　フェイスブックが画像共有サービス「インスタグラム」を買収
it-life-hack	0		ふぉっくす紺子だよ！完売の声がぞくしゅつちゅう
it-life-hack	0		これじゃない感バリバリ！　ファミマの初音ミクコラボ肉まんが話題に
kaden-channel	1		大ヒットのiPhone4Sが年末までに世界での販売エリアを大幅拡大
it-life-hack	0		ニコニコ動画：Zero地味に改善中！　動画視聴用の「ZeroWatch」新バージョンにアップデート
it-life-hack	0		またひとつサービスが消える！ドコモwebメールを終了する理由
it-life-hack	0		ダウンロードカードも販売！ 任天堂によるソフトダウンロード販売の詳細が明らかに
it-life-hack	0		AKB48の広告が動き出す HPのAR広告キャンペーン
kaden-channel	1		寒い冬はヒーター付きのマフラーであたたかに！　無印良品から「充電式マフラー」登場
it-life-hack	0		海外でも快適インターネット！KDDI、「au Wi-Fi SPOT」のサービスを拡充
it-life-hack	0		あと40cm高い津波で原発事故？孫社長が明かした東海村の怖い話
it-life-hack	0		美しさが際立つ新Xperiaが発売へ！ドコモ、Xperia NX SO-02Dが凄い
kaden-channel	1		音声で危険を知らせてくれるコンロは忙しい人にもおすすめ！—アイリスオーヤマ『ガラストップＩＨクッキングヒーター音声タイプ』
kaden-channel	1		地球の未来に参加しよう！　ネットで地球サミットに自分の意見を届けるチャンス
kaden-channel	1		今年一番秋葉でがんばったのはだれ？　PC萌えキャラ人気コンテスト投票開始
kaden-channel	1		QRコードが照明になった「Wooden QR Code Stool」がおしゃれすぎる
kaden-channel	1		いったいナゼ？　ヤマダ電機が苦戦の理由
kaden-channel	1		家族でもっと楽しめる「未来型料理生活」をチェック
it-life-hack	0		アナタはこの誘惑に耐えられるか？　猫の肉球だけ集めた写真がスゴイ
kaden-channel	1		キーワードはスカパー！この秋パナソニック、シャープ、ソニーからブルーレイレコーダー新機種が続々登場
kaden-channel	1		ネットの炎上で有料メルマガが人気に！　有名飲食店経営者に非難集中【話題】　
it-life-hack	0		石より早く土台が登場！　IVY Bridge対応チップセット「Intel 7シリーズ」解禁！
it-life-hack	0		iPhoneアプリを子どもが勝手に使えないようにする
kaden-channel	1		連載●一眼流映像表現術 第21回
kaden-channel	1		新技術４Kに集まる注目と期待！　４Kテレビは家庭に普及するのか？
it-life-hack	0		モックアップで製品を選べる？ 古い手法で販売されるスマホ
it-life-hack	0		Twitterの影響力マジパねぇ！　東大駒場校舎で行われた無料耳かきサービスに人だかり
it-life-hack	0		本日のGoogleロゴは棒高跳　Googleロゴがスポーツ関連画像に変化第六弾
kaden-channel	1		放射線計測の基礎知識をおさらいしてみよう
it-life-hack	0		今週末は北海道へGo！　ニコニコ町会議in 北海道長万部町の詳細決定
it-life-hack	0		ネタにマジレス何それ痛い！　Twitter義務化のパロディニュースに釣られる人続出！
kaden-channel	1		ランニングのお供に。ソニーからヘッドホン一体型ウォークマン「ＮＷＤ−Ｗ２６３」発売 へ
kaden-channel	1		おもちゃじゃない！　脳波で動く「necomimi（ネコミミ）」の仕組みを開発者に聞いてきました
it-life-hack	0		これは気づかなかった！古いノートPCがWebテレビに格安で変身する裏技
kaden-channel	1		フルカラーしかも無線対応—史上最強のペンライト「ルミコネ」
it-life-hack	0		毅然とした態度で臨んでいく！グリー田中社長が訴訟の判決にコメント
it-life-hack	0		Word文章の重要部分に蛍光ペンでマークする
kaden-channel	1		10月11日〜16日に一番売れたＢＤレコーダーは「ブルーレイディーガ BRT300」
it-life-hack	0		"Windows 8優待購入プログラム解禁！　ドスパラなら1,200円でWindows 8にアップグレード"
it-life-hack	0		Wordで表の列幅や行幅をピッタリ微調整する
kaden-channel	1		家電チャンネルの記事も配信！向かうところ敵なしのスマホアプリ「ITニュース by livedoor ニュース」 
kaden-channel	1		「これからは電子書籍かな？」　中日マスコットのドアラが「コアラ坂」リリースへ
kaden-channel	1		デジタル双眼鏡はビデオカメラの進化形なのか？
it-life-hack	0		超豪邸の賃料が3〜4万円！？　中国で借りた家の賃料が安いと話題に！
kaden-channel	1		電子書籍市場をこっそり支えるのは女の子のエッチな願望？
kaden-channel	1		知らなきゃソン！　知ってるだけで得をする「賢い家電の買い方」大研究
it-life-hack	0		知りたいニュースがここにある！職業別最新ITニュース活用法
it-life-hack	0		例のあのメニューも！ニコニコ超会議のフードコートメニュー14種類紹介（後半）
kaden-channel	1		空前の子役ブームに衝撃？　大橋のぞみ引退から見る子役の引き際とは
kaden-channel	1		iPadの独占が終了！　アンドロイドの追撃に市場シェアが96％から67％に大幅ダウン
kaden-channel	1		家のテレビで簡単にHuluを楽しむ！「WD TVR Liveストリーミングメディアプレーヤー」を使ってみた
it-life-hack	0		便利と危険は背中合わせ！BIOSロックでデータ盗み取りを防げ
kaden-channel	1		Facebook投稿で原因発覚？　イタリアの豪華客船、船長がいいとこ見せたくて事故か？
it-life-hack	0		クラウドより便利で速い！安全！大容量！デュアルHDDで大事なデータを守る必殺技
it-life-hack	0		Ultrabookのその先へ COMPTEX で次世代パソコンが見えた
it-life-hack	0		関西の3G回線の実用度をチェック！ うらやまし過ぎる3GとWiMAXの使い分けができる通信環境
it-life-hack	0		デジタルガジェット新製品は？　6月の大規模展示会複数開催で発表あるか？
kaden-channel	1		ソニーの「4Kホームシアタープロジェクター」で映画館の臨場感を
kaden-channel	1		ニッポン放送で明日「Windows Phone祭り」が開催！
kaden-channel	1		自分好みのお店が必ず見つかると噂のソーシャルグルメサイト「Retty」ってなに？
kaden-channel	1		11月号付録 キヤノン iVIS HF G10 Perfect Book 丸かじりダウンロード
kaden-channel	1		知らない間にみんなはげっそり！　自慢症候群がまわりに疲労を生んでいる
kaden-channel	1		恋愛禁止に疑問！　AKBメンバーが「恋愛したらほぼ失職ってすごいな」とGoogle＋でコメント
kaden-channel	1		年末商戦大ピンチ！タイの大洪水でHDDの価格高騰、品不足の恐れ
it-life-hack	0		ウィンドウを閉じずにデスクトップのアイコンを操作するマル秘ワザ
it-life-hack	0		揃いの色や柄、オリジナルプリントで一体感！ポロシャツのプロが運営するユニフォームタウン
kaden-channel	1		露出を理解してクリエイティブな写真を撮る！プロのテクに近づく露出を学ぶ
kaden-channel	1		次世代PSなのか!? 部屋と一体になる映像システムのコンセプト映像公開—ソニー
it-life-hack	0		現実的では無い！孫社長 Twitter読者の発言に反論
kaden-channel	1		「老後どうすんの？」さんまの質問にメッシが激怒！　テレビが凍りついた瞬間
it-life-hack	0		ドデカクーラー登場！　ZALMANより6本ヒートパイプの巨大CPUクーラー
it-life-hack	0		米テレビ番組がiPhone工場に潜入！
kaden-channel	1		ブラックマジックデザイン、Thunderbolt対応のIntensity Shuttleを発売
it-life-hack	0		Facebook使いこなしも指南！ Office系ネットサービスの使い方まで使い方指南
kaden-channel	1		アートをもっと楽しむ！　キース・へリング展にARが採用される
kaden-channel	1		アウトドア＆モバイル移動放送局
kaden-channel	1		パナソニックが節電指南！「エコナビ」イベントで家電のムダと節電のヒントを紹介
it-life-hack	0		ダウンロード版ゲームはお得に購入できるのか？ 新たに始まった任天堂のダウンロード版ゲーム
it-life-hack	0		アナタはもう見た金環食？　あいにくの天気だった人はネットで楽しもう！
it-life-hack	0		安価に作るマルチディスプレイ環境　独自拡張のグラボ「「FLEX HD7770 GHZ EDITION」
kaden-channel	1		ロボットに洗ってもらってリフレッシュ！　パナソニックが洗髪などを行える「ヘッドケアロボット」の試用運用を開始
it-life-hack	0		ガジェット使い方新提案！　小技の効いたハイテク家電使いこなし術
kaden-channel	1		クリスマスはテレビを見よう！　２３日はNHKスペシャル「世界を変えた男 スティーブ・ジョブズ」が放送に
it-life-hack	0		残暑見舞い挨拶の簡単挿入や書式の再利用　文書をカッコ良く効率的に作るWordの小技集
kaden-channel	1		かわいい姿に怒れない！ねこ界のブーム「ごめん寝」はネットでも話題に
it-life-hack	0		これは商品化して欲しい！　テニプリベースのイヤホンジャックカバー
kaden-channel	1		電気自動車に大注目！　イオンも参入し、充電サービスなどを積極化
it-life-hack	0		スマホのゲームに毎月いくら課金してる？　年代やOS別の調査結果発表
kaden-channel	1		2012年4月1日までモバイルルータが0円になる特典実施中！—BIGLOBE 3Gで低料金スマホ＆モバイル通信
kaden-channel	1		起用の理由は黄色だったから!?　ダンディ坂野がクイズアプリ「AD Latte」のキャラクターに就任！
kaden-channel	1		気を付けて！　道や駅で増える「ケータイ事故」
it-life-hack	0		町会議ラス前開催は福島県！　ニコニコ町会議in 福島県三春町の詳細決定
kaden-channel	1		フレッシュな野菜ジュースを朝食に！容器がタンブラーになる手間なしジューサー
it-life-hack	0		デスクトップ代わりに使える低価格ノート　レノボのIdeaPad Z480はIvy Bridege搭載
it-life-hack	0		入手困難なDVDドライブが絶対当たる！ ZENBOOKを買うと絶対もらえるキャンペーン開始
it-life-hack	0		参加した人も、不参加の人もチャンスがある！Ultrabooker.jpブースも登場したインテルイベント
kaden-channel	1		ベッカム様がグーグル＋に登場！　バラエティ向きの彼はどこまで答えてくれるのか？
kaden-channel	1		脚の生えたエアカウンター!?　—日本トラストテクノロジーのスパイダーポディウム
it-life-hack	0		自分の顔で画面ロックを解除！ドコモ、GALAXY S IIにAndroid 4.0を提供
kaden-channel	1		シャープ、チューナー分離の薄型テレビ「フリースタイル　アクオス」発表
it-life-hack	0		竜の巣？ 　これが…？　富士山上空を覆う巨大雲が話題に
kaden-channel	1		パナソニック マッサージソファとインテリアのコンランがコラボ
it-life-hack	0		新しいiPadでわかったLTE 新サービス開始当初の混乱期
it-life-hack	0		Kepler搭載製品が登場！MSIやZOTACよりNVIDIA GeForce GTX 680カード
it-life-hack	0		スマホに関する疑問に答えます！ PC使い故のスマホへの疑問を解決
it-life-hack	0		本日深夜販売敢行！　例のアレか？　本日ドスパラパーツ館で深夜販売！
kaden-channel	1		男子必見！　今すぐまねしたいファッションコーデを映像で学ぶ
kaden-channel	1		節電対策や停電への備えに、ソニーが家庭用蓄電池を新発売
it-life-hack	0		大切な投稿を見逃さない　Facebookに親友の投稿だけを表示する
it-life-hack	0		おはこん、ふぉっくす紺子です！紺子グッズ第二段も進んでるよ
kaden-channel	1		イルミネーションも景色もバッチリ！　難しいと思っていた夜景撮影に挑戦
it-life-hack	0		納得！そういうことか！Googleロゴにファスナーが付いてる理由
it-life-hack	0		こんこん、ふぉっくす紺子だよ！ミニうちわも企画中だよ
kaden-channel	1		フェイスブックで重婚発覚！　別居中の妻が旦那の新しい嫁を発見
kaden-channel	1		値下げも好評の動画配信サービスHulu！　新オフィスを訪問してきました
kaden-channel	1		ミクシィで堂々と覚せい剤が売られていた！「元祖！シャブコミュ」管理人は元東京・新宿区議
it-life-hack	0		ウェディング雑誌に凄い付録！　「ゼクシィ」9月号の付録は「乙女すぎるドライバーセット」
it-life-hack	0		検索力をアップ！　IE9に好みのエンジンを追加する
it-life-hack	0		23カ国のiTunesランキングを動画でチェック！
it-life-hack	0		iPhone動画のムダをトリミングして飽きさせない
kaden-channel	1		コンパスを使うのは年に１度？　iPhoneで一番不要な機能とは
it-life-hack	0		アノなめこがiPhoneカバーになった！　「おさわり探偵 なめこ栽培キット」のiPhoneカバー登場！
it-life-hack	0		これが次世代スマートフォン！ドコモ「Xperia acro HD SO-03D」開封レポート
it-life-hack	0		MSIより低価格マザー登場！　Ivy Bridge対応のIntel 7シリーズ激安マザー
kaden-channel	1		恐怖！　GPSを利用した勤怠管理アプリ「GPS Punch!」登場に営業マン衝撃
it-life-hack	0		不便なブックマークよさよなら！　俺はライフリストでブクマを管理するぜ！
it-life-hack	0		音声認識で英語の発音練習しよう Siriを使うiPhoneアプリReal英会話
kaden-channel	1		企業戦士の鎧を脱いだら光の戦士になろう！　スター・ウォーズ ライトセーバールームライト
kaden-channel	1		日本版HuluはHuluにしてHuluにあらず？
it-life-hack	0		コストはどっちに軍配？　書籍の長期保存は紙？　それともデジタル？ 
it-life-hack	0		テレビの高画質化は誰のため？コンテンツが性能に追いつかない
it-life-hack	0		なるほどジ○リめしって言うのか！　あのオムライスは王蟲ライスだったのね！
kaden-channel	1		Twitterでの炎上防止へ　−　承認が下りないとつぶやけないシステムがあった【話題】　
it-life-hack	0		自分のIQを知りたくありませんか？　そんなときは「IQチェック2」がオススメ
kaden-channel	1		EOS-1D XでEOS MOVIEは第2章突入か？
it-life-hack	0		起動を高速化！　いらないアプリはスタートアップから外す
it-life-hack	0		ネットサービスの解約問題からLinuxでのクラウド使いこなしまで一気読み
kaden-channel	1		2台目・3台目のテレビとしておススメ！恵安の超薄型地デジ対応液晶テレビ
kaden-channel	1		Twitterのつぶやきでおしりをふいてみる？　おもしろサービス「shitter」
kaden-channel	1		年末年始はフジテレビが大騒ぎ！　ものまね問題に続き、元日は収録映像を生と放送疑惑
kaden-channel	1		カーナビの次は自転車！　パナソニックの「Gorilla CN-MC01L」は自転車ナビ対応
it-life-hack	0		これなら作ってみたくなる！質感の高いHTPC向けケースが登場！
it-life-hack	0		一風変わった動きが新鮮！ブロック系ゲームStar＊Burst 
kaden-channel	1		旅にこだわりたい若者から人気！　ネットで世界中の宿やツアーを探せば夏の旅行にまだ間に合う！
it-life-hack	0		間違えてコメントしちゃった！をないことにするFacebookワザ
kaden-channel	1		高性能な高品位ボディ！　パナソニックがフラットタイプミラーレス一眼「ＬＵＭＩＸ　ＤＭＣ−ＧＸ１」を発売
it-life-hack	0		レノボWindows 8タブレットを公開 詳細は不明ながらThinkPad同様に企業向け
it-life-hack	0		24日はアキバへGo！Ultrabooker.jp専用ブースでオリジナルグッズを当てよう
it-life-hack	0		第三弾間もなく開始！ Sapphire製グラボ購入キャンペーン第二弾終了間近につき
it-life-hack	0		Androidを狙うウイルスが急増！スマホに迫る悪質なアプリ 
it-life-hack	0		できないことができる！？通常では解消できない断片化を解消してくれる「PageDefrag」
it-life-hack	0		ドコモのスマホに強い味方！ドコモ AQUOS PHONE SH-01D対応大容量バッテリー
it-life-hack	0		パソコンとテレビが合体した製品！NECの技術を盛り込んだ、レノボの新PCが凄い
it-life-hack	0		NFCがバイクの鍵に？ COMPTEX TAIPEIで見つけた面白ガジェット
it-life-hack	0		ターガス製のUSB3.0ポートリプリケータ登場！　レビューアーになれば無償でゲット
kaden-channel	1		伸びるスマホとタブレット！　家電とＩＴ市場の上半期を振り返る
it-life-hack	0		金環日食から切り込み隊長まで！　ネットの話題を振り返る
it-life-hack	0		例のあのメニューも！ニコニコ超会議のフードコートメニュー14種類紹介（前半）
it-life-hack	0		細かな違いや使用感がわかる！ありそうでなかった白髪染め体験記サイト
kaden-channel	1		見るのがコワイ！でも知りたい！！未来のボディラインを映し出すワコールのアプリ「ラブエイジングミラー」
kaden-channel	1		テストレポート フジフイルムX10
it-life-hack	0		よく使うファイルを高速に呼び出す　タスクバーカスタマイズ術
kaden-channel	1		毎日新聞が正月ボケ！　「北朝鮮」を「北挑戦」に、「年度代表馬」を「年度代表場」に
kaden-channel	1		感覚・体験を共有する　タッチ・インターネットが拓く未来（１）
it-life-hack	0		ソーシャルの今が分かる！ヤフーの「話題なう」ってなに？
kaden-channel	1		シャッターを次々に押せる軽快なコンパクトデジカメ！カシオ「EXILIM EX-ZR200」
kaden-channel	1		エコ家電は地球の裏でも興味津々！　ブラジルで開催の地球サミットにて出展中のパナソニックを直撃！
it-life-hack	0		本当に稼動するのですね。凄い！孫社長 メガソーラーの状況を報告
it-life-hack	0		春分の日のトリビア！Googleロゴがイラストである理由
kaden-channel	1		TVF2012の入賞30作品が決定
kaden-channel	1		タテとヨコ、引きと寄りで最高の１枚を！いつもの写真をワンランクアップしてかわいい写真を撮る方法
it-life-hack	0		知って得する虎の巻テクニック集！スマホやパソコンを便利に使おう
it-life-hack	0		まだスーパーマルチなアナタに！　薄型のポータブルBDドライブが登場
kaden-channel	1		ソニーNEX-VG20でCEATECを取材する
it-life-hack	0		子供の一瞬の表情も逃さない！「EX-ZR300」開封レポート
it-life-hack	0		スマホの音楽をお風呂場で聴く技！iPhoneで使える無線防水スピーカ
it-life-hack	0		総勢20名を大募集！「feel Windows」オープン記念第一弾のレビューアー募集中
it-life-hack	0		世界を選んだ写真家たち！RING CUBE写真展「OVERSEAS 2012」を開催
it-life-hack	0		ガラスのUltrabook登場！美麗なUltrabook「HP ENVY14-3000 SPECTRE」のレビューアー募集
kaden-channel	1		３つのポイントでオシャレな写真を撮ろう！　モノクロのすすめ
it-life-hack	0		高画質と小型・軽量化を両立！キヤノンのミラーレス一眼「EOS M」を見てきました
kaden-channel	1		「かわいく撮って」と小林星蘭ちゃんにお願いされたのでSONY一押しのハンディカムで撮ってきました！
it-life-hack	0		日本も捨てたもんじゃないですね！孫社長 自然エネの普及活動を強調
it-life-hack	0		見積書や企画書を移動中にチェック！　GoogleドライブにAndroidからアクセス
kaden-channel	1		ついにiOS版もリリース！無料で読める暇つぶしアプリlivedoorニュース「三面貴族」
it-life-hack	0		日本・香港・欧米の3カ国の違いを堪能！「OVERSEAS 2012」世界を選んだ写真家たちの写真展
it-life-hack	0		ハイビジョン録画時代のビデオカセット計画！奥さんに趣味の番組を消されない裏技
kaden-channel	1		クリスマス撮ってきましたー！やっぱり夜景はスマホより小さいのにキレイに撮れる“サイバーショット”がイイネ
kaden-channel	1		新しいものさしになる？　ツイッターで好感度があがる芸能人と下がる芸能人
kaden-channel	1		iPhoneに高く、Androidに低い「キャリアのカベ」
it-life-hack	0		超コンパクトで充電ケーブルいらず！わずか92gのモバイルバッテリー
it-life-hack	0		CPUもGPUも祭だワッショイ！GIGABYTE板祭でマザボ＆グラボのレビューアーを大募集
it-life-hack	0		スマホが使える時間をのばす裏技！激安のモバイル大容量バッテリー
kaden-channel	1		サンワサプライ、半径５ｍ内の音声を集音できる高感度マイク採用のＷＥＢ会議マイクを発売
it-life-hack	0		意外と知らないExcel技を紹介！ 他人と差をつけるExcel技特集
kaden-channel	1		パーティを楽しむはずがテロリストと勘違い「デストローイ！（破壊）」のつぶやきで逮捕されたイギリス人
it-life-hack	0		最新スマホに最強兵器が登場！ソフトバンク AQUOS PHONE 103SH対応大容量バッテリー
it-life-hack	0		本日はプレイ不可なロゴ！　Googleロゴがスポーツ関連画像に変化第十二弾
kaden-channel	1		「Yahoo! Phone」がいよいよ２３日に発売スタート
kaden-channel	1		視聴者の感覚とズレズレ！　声だけ出演の映画も公開決定で紳助復帰の気配？
it-life-hack	0		ようやくiPhoneでもChromeが使えるように！
it-life-hack	0		ニコニコ超会議で気になった小ネタを写真で紹介
kaden-channel	1		99のパターンから最適な撮影モードをチョイス！　富士フィルムの「FinePix」に新商品登場
it-life-hack	0		無職ランナーをオリンピックへ！　プレアカ1か月分でスポンサーになれる
it-life-hack	0		人気の音ゲーここにあり！ 上手にリズムを刻む心地さがここに「jubeat plus」
kaden-channel	1		パナソニックの「旅ナビ」に新モデル登場！「CN-MH01L」はガイドブックデータが充実
it-life-hack	0		関西エリアが予感させる、「auスマートバリュー」の破壊力と可能性
kaden-channel	1		2012年はどうなる？タイの大洪水の影響が長引きパソコン出荷台数が減少か
kaden-channel	1		シャープの独自OS端末ガラパゴスが発売終了
kaden-channel	1		NHKがネットテレビ参入はテレビ離れを食い止められるのか？
it-life-hack	0		孫社長が社内業務紙ゼロ宣言 ペーパーレスの真の目的とは
it-life-hack	0		ご当地アプリがiPhoneカバーに！　登場！ぐんまのやぼう ＆ にほんのあらそい iPhoneカバー
kaden-channel	1		原発事故は本当に収束？　気になるホットスポットがひと目でわかる—東芝ポータブルガンマカメラ
it-life-hack	0		話題のタブレット端末に強い味方！ドコモ ARROWS Tab LTE F-01D本革マルチポーチケース
kaden-channel	1		ワイドショーを見る親が子どもの学力を下げている？　子ども社会に広がる学力格差
it-life-hack	0		書式を再利用　手間を省いて見栄えを整えるWordワザ
kaden-channel	1		３DSが売れない！任天堂が初の赤字か
kaden-channel	1		映画表現育成協会主催 プロモーションビデオ制作講座、受講生募集
kaden-channel	1		５分で初見の英文２３００文字を正確にタイプ！　パソコン入力で全国一は中学３年生
kaden-channel	1		忘年会・クリスマスパーティで盛り上がりそう！タカラトミーアーツからうまい棒スライサー発売
kaden-channel	1		連載●極・ト書き一行のカット割り!　　　　　 第6回
kaden-channel	1		様々なデバイスでドラマや映画をシームレスに動画を視聴できるHulu
kaden-channel	1		第9回上映 中平悠里 監督作品 『猫と少女の物語』
it-life-hack	0		ゲームセンターの楽しさを手のひらに！Air Hockey : Extreme Fun
it-life-hack	0		笹食ってる場合じゃねぇ！孫社長 イベントの講演を宣伝
it-life-hack	0		エイプリールフールでもうそはつきません！ITの一週間を振り返る
it-life-hack	0		GALAXY TabもiPadも家電も充電できる！万能高容量ポータブルバッテリー
kaden-channel	1		２０１２年！気になる運勢をエガちゃんが占ってくれるアプリはいかが？
kaden-channel	1		挑戦! 3D編集 3D作品をYouTube公開
it-life-hack	0		アナタは見た？今世紀最後の天体ショー！金星の太陽面通過
it-life-hack	0		ユーザーとメーカーとの橋渡し！大盛況だったUltrabooker.jpブース
kaden-channel	1		マーク・ザッカーバーグがFacebookに訴えられる！？
kaden-channel	1		姉さん事件です！　裁判中の美元が二股だったことをテレビでぽろり
kaden-channel	1		ソニーNXCAMのファームアップ情報
kaden-channel	1		AmazonがシアトルにKindleストアをオープン！　電子書籍に興味がなかった人にどこまで響くか？
it-life-hack	0		ペットロボットの状態は？　これからどうなる？ 不定期連載スマートペット育成記
it-life-hack	0		2ヶ月で全国を走り抜けた写真！若さを行動で表現して魂を繋ぐ
kaden-channel	1		ツイッターやフェイスブックの利用が負担に！　「ソーシャル疲れ」から見る日本人の微妙な人間関係
kaden-channel	1		自宅で究極のコーヒー体験を！　ネスレネスプレッソ、シンプルで最新機能搭載の新コーヒーメーカー「Ｕ（ユー）」を発売
kaden-channel	1		真似しちゃダメ！　金属を回しながら壊れていくかわいそうな洗濯機がネットで話題に
kaden-channel	1		音の編集講座「音量の合わせ方」
it-life-hack	0		タスクバーに不要なアイコン通知は表示しない
it-life-hack	0		Macの隠し機能を使うアプリ！長寿命の無線マウスから最新PCまで一挙紹介
kaden-channel	1		連載●極・ト書き一行のカット割り! 第7回
kaden-channel	1		ホンダが次世代電動スモールスポーツコンセプトモデル「EV-STER」を披露
kaden-channel	1		子どもの歯磨き仕上げも電動で！ポケットドルツにキッズ用が登場
kaden-channel	1		夏場は扇風機になるダイソン羽根なしヒーター！
it-life-hack	0		個人スポンサー2万人達成！ロンドン五輪マラソン代表選手の藤原新選手
it-life-hack	0		レガシーポート搭載マザー！ECSよりAtom搭載Mini-ITXマザーボード
kaden-channel	1		地デジ化をきっかけに、テレビ離れが増加？
it-life-hack	0		日本を思う気持ちがあると思えない！孫社長 大人の対応がネットで話題
kaden-channel	1		連載●After Effects 天国への階段 第12回
it-life-hack	0		オリンピック最終日ロゴは閉会式！　Googleロゴがスポーツ関連画像に変化第十三弾
kaden-channel	1		世界最大の家電ショーから見る！　すべての家電が小さなチップで考え、通信するサイバーな未来
kaden-channel	1		夏までにダイエット！オムロンからPCやスマホにデータ転送できるカラダスキャン新発売
it-life-hack	0		インテル吉田社長の自作PCをパワーアップ！“超”社長PCを作ってみた
kaden-channel	1		一度は働いてみたい？　グーグル社のとにかくおしゃれなロンドンオフィスが話題に【話題】　
it-life-hack	0		スマホ持ちで有線なアナタに！無線LAN親機になる超小型アダプター
it-life-hack	0		ウルトラブックとは一体何なのか？パソコン市場は縮小するのか
it-life-hack	0		タスクマネージャーよさらば！　プロセスが手に取るようにわかる「Process Explorer」
it-life-hack	0		最新の標的型攻撃メールに注意せよ 
it-life-hack	0		コンプガチャ廃止決定！　結局は堂々巡り？　今後一体どうなる？
kaden-channel	1		スマホの似合う著名人、トップはスマホそのもの（？）な渡辺謙
it-life-hack	0		これからお花見の人は気を付けて！　春の宴のあとのあまりの酷さに唖然
it-life-hack	0		iPhoneにぴったりフィットのケース登場！シリコン素材で帯電防止機能も持つiPhone 4S/4用ケース
kaden-channel	1		ギミックなしの実力派！ 空気清浄機 ブルーエア 270E
it-life-hack	0		レノボ、プロゴルファーの斉藤愛璃選手とオフィシャル・スポンサーシップ契約を締結
it-life-hack	0		ドコモのスマホに強い味方！ドコモ MEDIAS PP N-01D用大容量バッテリー
kaden-channel	1		失った視力を取り戻す、光駆動の網膜インプラント
it-life-hack	0		売れ筋モデルがさらにコンパクトに　EPSONより2012年インクジェット新モデル登場
kaden-channel	1		お前が言うな！　「AKB商法気持ち悪い」と炎上のエイベックス社員にネットが総突っ込み
it-life-hack	0		コンデジでも星の軌跡が撮れるGR IVインターバル合成撮影の秘密！「都会の星」トークショー
it-life-hack	0		高性能で低消費電力！インテル吉田社長が語る、IVY Bridgeの魅力
kaden-channel	1		コンビニでも！　セブン＆アイで無料Wi-Fiサービス開始。　AKBのオリジナル壁紙も配布
kaden-channel	1		広告の落ち込みが原因　人気SNSミクシィが業績予想を下方修正
it-life-hack	0		普通の中学で学んだ程度でした！孫社長が明かした若き日の英語力
it-life-hack	0		違法ダウンロード刑罰化の次は通信の秘密に踏み込む音楽権利団体
kaden-channel	1		ニコニコ動画、生中継用エンコーダーや画質向上など 新サービスを続々発表
kaden-channel	1		猛暑でダメージを受けた肌に！ヤーマンから温冷ケア美顔機新発売
kaden-channel	1		この秋、ブルーレイディスクプレーヤーの新製品はソニーの独壇場！？　
kaden-channel	1		いよいよ明日！JAXAが行う「みんなで皆既月食を観察しようキャンペーン」
it-life-hack	0		東山正宜と石井ゆかりが織りなすロマンテックな都会の星！GR DIGITAL IVでも撮れる秘密とは？
kaden-channel	1		クリスマスは家電をおねだり？　パナソニックが「おねだりグリーティング」キャンペーン
kaden-channel	1		USB電源で積極的に温める手袋— 上海問屋 DN-YKS-GMSF-USB
kaden-channel	1		RO浄水器がお手軽価格に！—ウォーターサーバー型浄水器コーウェイP-07CL[NEOS]
it-life-hack	0		本日のGoogleロゴは吊り輪　Googleロゴがスポーツ関連画像に変化第二弾
it-life-hack	0		来たぜ！お祭り第2弾！GIGABYTE板祭でマザボ＆グラボのレビューアーを大募集
it-life-hack	0		全米教育部門で2位！色彩感覚を育てるのにオススメのぬり絵アプリ
it-life-hack	0		検出率9割超はごくわずか！Android用アンチウイルスソフトの比較テスト
it-life-hack	0		もちろんカレー臭はしなかった！ 品質もそこそこなインド製携帯電話
kaden-channel	1		ソニープロフェッショナルセミナー〜3Dの世界
kaden-channel	1		ソフトバンクがiPhoneキャンペーンを強化「「iPhone家族無料キャンペーン」を発表
it-life-hack	0		Ultrabookに強力なライバル！女性がラクに持ち運べる、エイサーのノートPCが凄い
kaden-channel	1		iPhone5の発表に期待！　毎年恒例Apple WWDCは6月11日から開催
kaden-channel	1		iPhone型の巨大ディスプレイで展示！　アメリカ特許商標庁がスティーブジョブズ展開催
kaden-channel	1		ソニー、「ウォークマン」Ｓシリーズの「初音ミク生誕５周年記念モデル」を限定発売
kaden-channel	1		ドコモユーザー大丈夫？　あなたのケータイが今週いっぱいで使えなくなるかも
kaden-channel	1		あなたのプランは大丈夫?　定額でないためスマホ使用に超高額請求!?　
kaden-channel	1		今年のベストセラーはやっぱりジョブズの伝記！　でも日本人ってこんなにジョブズ好きだったっけ？
it-life-hack	0		復興支援ありがとう！孫社長 復興支援の協力に賞賛の声
kaden-channel	1		iPhoneに差すだけ、はんだづけ不用、3500円の空間線量計自作キット
kaden-channel	1		ミドルレンジのビデオ制作者の有志が 集まって結成したHD Usersが選んだATEM 1M/E Switcher
kaden-channel	1		11月号記事連動「音の編集講座」〜ピッチとスピード
it-life-hack	0		ステマはなくなるか？ Yahoo! JAPANと食べログが業務提携
kaden-channel	1		Huluが搭載されたWD TV Liveストリーミングメディアプレーヤー登場
kaden-channel	1		皇居ランのお供に！アディダスランベースがウォークマン無料貸し出しへ
kaden-channel	1		薄型テレビの課題を解決？　薄型テレビ用の赤べこや木彫りの熊
it-life-hack	0		世界戦略が重要なゲーム市場 E3 2012で注目の新戦略
it-life-hack	0		イベント作成や友人の紹介方法　Facebook活用のスゴ技・裏技テクニック集
it-life-hack	0		Wordで作成した表を2つに分ける便利ワザ
it-life-hack	0		旅行・出張先のホテルでネットを無線化！ポケットルーターをタダでもらおう
it-life-hack	0		Googleロゴが往年の料理研究家に！　本日のGoogleロゴは有名な料理研究家の生誕100周年記念
it-life-hack	0		夏と言えば朝顔！　小学生時代を思い起こさせるアサガオ観察日記ツイート
it-life-hack	0		今でも、後でも読めるニュースがここにある！スマホでもタブレットでも読みやすいITニュース活用法
kaden-channel	1		さんまには教えなかった「老後」について、ついにメッシが語った！
kaden-channel	1		ブラックマジックデザイン、HyperDeck SSD レコーダーに タイムコード、DNxHD QuickTime サポートを追加
it-life-hack	0		プロフィールはいつでも見てもらいたい　tumblrで別ページ作成
kaden-channel	1		1.25リットルの大容量、氷も砕くパワフルなミキサー—Cuisinart『スマートパワーブレンダー』SPB-600J
kaden-channel	1		震災特番が大コケ！　「めちゃイケ」は何を間違ったのか？
it-life-hack	0		その建物に歴史あり！　建物の名称を表わす“建て書き”写真の数々
it-life-hack	0		「ソブリン危機」をiOSで体感せよ！ 国の借金をリアルタイム表示
kaden-channel	1		ついにターミネーターの世界が現実に!? —2012年中にグーグルがサングラス型のコンピューターを発売予定
it-life-hack	0		マイクロソフトの独自タブレット「Surface」の販売体制はどうなる？ 
kaden-channel	1		外国人にも人気！　こたつのトレンドは懐かしいのに新しい山善カジュアルこたつBSK-75
kaden-channel	1		別人！　だけどかわいい！　ローラのスッピンが「いい感じ」でネットで話題に
it-life-hack	0		かなり使えるiOSの音声認識！使ってみたい新しいiPadの音声認識機能
it-life-hack	0		1日3名が11日連続で何と33名！　「SAMSUNG SSD 830シリーズ」のレビューアーを大募集
kaden-channel	1		個人情報流出か？　「au one ショッピングモール」で不正ログインとなりすまし購入が発覚
kaden-channel	1		今度の貞子はネットを使って呪いを拡散？　「リング」シリーズ最新作の構想が明らかに
it-life-hack	0		高性能なデジタル一眼が登場！キヤノン、「EOS 5D Mark III」が凄い
it-life-hack	0		ThinkPad X1 Carbonで従来のACアダプターは使えるのか？
kaden-channel	1		携帯・ラジオ・テレビより早く正確に、自分のＰＣで地震の揺れをカウントダウン—センチュリー「地震の見張り番」
kaden-channel	1		テレコムスクエアが中部国際空港にモバイルレンタル専門店「モバイルセンター」を本日オープン！「モバイルセンター羽田空港」もリニューアルし、国内主要空港でのサポートを拡充
it-life-hack	0		英語で地理が勉強できる！世界クイズアプリ！
it-life-hack	0		Galaxy Noteを1日フルに使い倒せる！2.2倍の大容量5400mAhバッテリの便利さと使い勝手
kaden-channel	1		インテリアにこだわる人へオススメ！　ソニーの美しすぎるうつぶせリモコン
kaden-channel	1		ストーリーがもりもり広がりファンにはたまらないアイテム！　「ジョジョ」のクリームがiPhoneを飲み込む！
kaden-channel	1		タイガー魔法瓶、おいしい炊き上がりの土鍋ＩＨ炊飯ジャー「炊きたて」の新製品を発売
it-life-hack	0		より強く！より最強に！ 無敵Galaxy Noteをさらに強くする
kaden-channel	1		ネットより高い！　家電が売れずに量販店の販売額が過去最大の下落
it-life-hack	0		タブレットより断然快適！一度使ったらやめられないUltrabookとDropbox
it-life-hack	0		装着場所が無いならサンバイザーだ！サンバイザーに装着するホルダー
kaden-channel	1		思ったより所持率の低いスマホ　—　関心は高いが利用者は実は約１割
kaden-channel	1		近頃のシニアはネットに強い！　70代の２割、60代の５割がネットを利用
kaden-channel	1		AKB前田敦子がネタにされファンが大激怒！　日本一下世話なクイズ番組がネットで話題に
kaden-channel	1		iPhoneを本格的なカメラに変えるかわいすぎるケースが登場！
kaden-channel	1		曲がり角の先が見えるカメラ
kaden-channel	1		方言で美少女がおねだりしてくれる！　方言少女。とメンズ用カミソリがコラボ
it-life-hack	0		Keplerをより安く！　Keplerアーキテクチャのミドルレンジ向けGPU「GeForce GTX670」
it-life-hack	0		町会議が震災復興を応援！　福島県三春町の町会議レポート
kaden-channel	1		日本上陸で話題の動画配信サービスHuluがブラビアでも視聴可能に
it-life-hack	0		おお！この鍵盤弾けるぞ！Googleロゴがシンセサイザーになっている理由
it-life-hack	0		おはこんこん！連載ちゅうの4コマの予告編ですっ
kaden-channel	1		ふるいちやすし氏の新作上映とトークイベントを アップルストアで開催
it-life-hack	0		国内最速クラスの下り最大75Mbps！イー・モバイル、次世代モバイル通信「EMOBILE LTE」が凄い
it-life-hack	0		利用の拡大が続くタブレット端末　GfK Japan「012年4月期企業のタブレット型端末導入状況調査」
kaden-channel	1		フェイスブックCEOが自身の年収をジョブズにならって１ドルに
kaden-channel	1		春はもうすぐ！　撮りたいときにすぐ撮れるカシオEXILIM『EX-ZR20』新発売
kaden-channel	1		無料アプリが原因？　スマホの電池がすぐに消耗される理由【話題】　
it-life-hack	0		いったい何が起きた？ 　SCEのネットワークレコーダー「nasne」が突然の発売延期
it-life-hack	0		スマホ購入でゲーム初体験！　MMD研究所「マートフォン所有者の接触頻度に関する実態調査」
it-life-hack	0		何で誰もやらなかったの？  重ねるだけで容量を増やせるモバイルバッテリー
kaden-channel	1		東芝のLEDがルーヴル美術館に登場！　１２月６日からライトアップスタート
it-life-hack	0		楽天が電子書籍サービスを開始？　「Kobo」のサイトを新たに開設
it-life-hack	0		やはり ドラクエXも例外ではなかった！　ゲームの通貨やアイテムを実社会で売買するRMT行為
kaden-channel	1		ドコモのｓｐモードでまたトラブル発生！　今度はつながらない
kaden-channel	1		いざという時のために！　死後パスワードを家族や友人にメールしてくれるサービスがあった
kaden-channel	1		ツイッターやミクシィ、フェイスブックでかわいいクリスマスメッセージを送って被災地支援！
kaden-channel	1		自殺をほのめかすユーザーは即通報！　Facebookが自殺防止の取り組みスタート
kaden-channel	1		録画ができる！７型ワイド液晶ワンセグ対応のポータブルＤＶＤプレーヤー「ＧＨＶ−ＰＤＶ７７１ＳＴＲ」新発売
it-life-hack	0		3D BIOSにDual UEFI！ギガバイトのIntel 7シリーズ搭載マザー
kaden-channel	1		電気ポット？電気ケトル？節電に効果的な「湯沸かし家電」とは
it-life-hack	0		国内主要空港でのサポートを拡充！テレコムスクェア新オープン＆リニューアル！
kaden-channel	1		今年は出遅れるな！　夏の節電対策にダイソン「エアマルチプライアー」シリーズ
it-life-hack	0		脳も疲れない気がする！孫社長 新iPadを大絶賛
kaden-channel	1		iPhone4Sに予約殺到！　初日で100万台突破し、一カ月待ちも
kaden-channel	1		単三乾電池で動く！　12V 型ハイビジョン液晶 TV「PRODIA PRD-LK112」が登場
kaden-channel	1		声優を使えば人気爆発？　iPhoneの音声アシスタント機能「Siri」は3月に日本語対応か
kaden-channel	1		手のひらサイズの球体ハンディクリーナー「オーブ（ORB）」に上位モデルが登場！
kaden-channel	1		おすすめAndroidアプリ・ベスト5（仕事効率化編）
it-life-hack	0		守るものが違いませんか？　議員先生が2ちゃんねるまとめサイトを守ろう宣言
it-life-hack	0		「Dropbox」のUbuntu版を試す Linuxでも同じ使いこなし！
it-life-hack	0		クアッドコアのFusion APU搭載！デスクトップ代わりになるLenovoの新型ノート
kaden-channel	1		すべてのパソコンは中華圏が握る？
kaden-channel	1		月額料金が980円に値下げ！　無料トライアルも登場のHuluをこの春はじめてみる？
kaden-channel	1		大人カワイく省エネ実践！パナソニック「エネループ」がディズニーとコラボ
kaden-channel	1		NTTドコモ「おくだけ充電」が「てもみん」や「PRONTO」に設置！無料で利用できる
kaden-channel	1		iPhoneはやっぱりすごい！！　携帯契約、ＫＤＤＩがドコモを抜いて２位に浮上！
it-life-hack	0		プラチナバンド期待してます！孫社長”頑張ります”
it-life-hack	0		スマホ用電子書籍ビューワが凄い！電子書籍の配信ソリューション「book-in-the-box」
kaden-channel	1		日本ではどう広がる？　アマゾンの電子書籍サービスが年内に日本に登場
it-life-hack	0		懐かしのヒーローが続々！　名アニメーターが描くヒーローイラストが話題に
kaden-channel	1		進む自然エネルギーへの関心！　太陽電池の出荷が大幅に伸びる
kaden-channel	1		「超大型画面」は救世主となるか!?シャープが80型液晶テレビと電子看板用ディスプレーを立て続けに発表
it-life-hack	0		戦国武将が勢揃い！戦国RPG 真・戦国バスター
kaden-channel	1		スマホ率が急上昇中！　世界の携帯３割はスマホだった
kaden-channel	1		日立から節電と非常時の強い味方になる蓄電システム「エネタス」発売
it-life-hack	0		おはこんこん！今回は超特大のお知らせがあるよ
it-life-hack	0		無料サービスのほうがむしろ使える！個人利用のメールサービスを見直してみよう
kaden-channel	1		本格運用開始の「グーグル+」、中国では利用不可
kaden-channel	1		会議室から教室まで！　価格で汎用性の高い3D対応プロジェクターDELLから新発売
kaden-channel	1		プロジェクターもモバイルの時代、住友スリーエムからビデオカメラプロジェクター発売
kaden-channel	1		自由がない？　民主党が所属国会議員にツイッターやブログの自粛要請
kaden-channel	1		女性人気の高いミラーレスカメラはオリンパス「PEN E-P3」
kaden-channel	1		デリケートなスマホの扱い要注意！　破損の大きな原因と対策
kaden-channel	1		魁!! ビデオ道場　2012年１月号
it-life-hack	0		PS Vita 3G版ユーザーで何割のユーザーが3G通信を解約したか考えてみる
it-life-hack	0		着実な資産形成をイメージできる！ 日興アセットの「お金計算機」
it-life-hack	0		どこよりも詳しく解説！写真でみる世界最軽量Ultrabook、NEC「LaVie Z」
kaden-channel	1		たった４秒で測定完了！計測した体重は簡単にアプリやパソコンに転送！　オムロンが発売の体重計をチェック
it-life-hack	0		これで今日からExcelの達人！ビジネスに必須のExcel基本ワザ
it-life-hack	0		サービス終了後はどうなる！電子書籍は永遠に読めるのか
kaden-channel	1		「着る電気毛布」—広電(KODEN) ホットローブCWS-X180LA
kaden-channel	1		Nikon 1 V1の10倍ズームレンズの作例
it-life-hack	0		iPhoneをド派手に着飾れ！　個性派のためのセンサー付きイルミネーションケース
it-life-hack	0		“何かあったら知らせてくれる”安心をNASに！「NarSuS（ナーサス）」とは何ぞ？
it-life-hack	0		SNSも動画の時代へ！自動でカッコ良く動画編集＆投稿できるviddy
kaden-channel	1		冬休みだ！海外だ！iPhone使ったら高額請求書！を回避する方法
it-life-hack	0		診断ツールでパソコンを高速化！アプリで劇的に高速化するPC裏技
kaden-channel	1		忙しいオフィスで大活躍！超短焦点プロジェクター　リコーIPSiO(イプシオ) PJ WX4130N / WX4130
kaden-channel	1		電子黒板機能付きやワイヤレス、新世代液晶プロジェクター今度は日立から新商品
it-life-hack	0		アナタは五月病大丈夫？今の仕事がつくづくイヤになった時に読む本
kaden-channel	1		ついにスマホの充電ができる手回し充電ラジオ登場！—ソニー「ＩＣＦ−Ｂ０３」
kaden-channel	1		テレビ離れなんて関係ない！「家政婦のミタ」人気がすごすぎる！！
it-life-hack	0		2D動画を3Dに変換！Webから動画ダウンロードもできるソフトのレビューアー募集開始
it-life-hack	0		手軽にブログ更新がわかる！　ブログ更新チェックサイト「ひとくり」を試してみた
kaden-channel	1		パナソニック、ミラーレスタイプのデジタル一眼カメラ「ＤＭＣ−Ｇ５」を発売
it-life-hack	0		ケースによっては5千円も節約！　3G回線を使わずにWiMAXとWiFiオンリーでスマホ利用
it-life-hack	0		新型MBP登場で盛り上がったWWDC！ iPhone 5も7インチiPad miniもなし！
kaden-channel	1		通話機能にしか使わないなら無駄なスマートフォン
it-life-hack	0		驚くほど長寿命な無線式！3年半も電池交換が不要なマウス
kaden-channel	1		信頼できるかわからない！　SNSで婚活したくないと答えた人が８割
it-life-hack	0		写真魂のバトンリレー！GRデジタルをバトンに若き写真家たちの駅伝写真展がスタート
kaden-channel	1		みたままつりで「節電しろ〜」小林よしのりが献灯でアピール
kaden-channel	1		位置やアングルで写真は決まる！　いつもの写真をワンランクアップしてかわいい写真を撮る方法
kaden-channel	1		iPhone4Sユーザーに朗報！　アップルが「iOS5」の修正版配布でバッテリー問題が間もなく解決
kaden-channel	1		ズバズバ発言するフィフィのツイッターが話題！「政治家になってほしい」の声も
kaden-channel	1		レイプ犯がFacebookから逮捕！　犯人が警察に絡み、場所が判明
kaden-channel	1		交際宣言のナイナイ岡村がテレビで破局を報告！　原因は元カレ
it-life-hack	0		文字が超きれいなRetina Mac！文字にこだわるならこれしかないでしょ
kaden-channel	1		配達人がモニタを庭に投げ込む衝撃映像！　FedExは映像を社員教育に採用
it-life-hack	0		話題のスマホに強い味方！ドコモ MEDIAS ES N-05D用大型大容量バッテリー
it-life-hack	0		こんこん、ふぉっくす紺子だよ！紺子のぬいぐるみ、できたんだよ
it-life-hack	0		価格が安価で矯正を気づかれない！綺麗な歯並びになれる、歯列矯正の最前線
kaden-channel	1		３ＤＳみたいなグラスレス立体映像と写真をiPhone４／４Ｓで楽しもう！
kaden-channel	1		さまざまな「線量計」、本来の機能についておさらいしてみよう
it-life-hack	0		Word書類の余白が空きすぎてカッコ悪いときに調整する方法
kaden-channel	1		豪徳寺美鈴が待ちわびたお掃除ロボットは？　「家電の女」第三話を読んでみた
it-life-hack	0		Ultrabookをパワーアップ！　mSATA対応の小型SSDがマイクロンより登場
kaden-channel	1		パイオニアから3D映像に対応した簡単操作のブルーレイディスクプレーヤー新発売
kaden-channel	1		なんとソーラー電源で稼働！デジタルクッキングスケール「ＳＤ−００４」
kaden-channel	1		簡単、清潔！タイガー「スチーム式加湿器 ATC-A300」は電気ポット感覚でお手入れ簡単
it-life-hack	0		人気のスマホに強い味方！ドコモ GALAXY NEXUS SC-04D用大容量バッテリー
kaden-channel	1		渋い外観はそのままに、高画質なワイド撮影が可能になった！富士フィルムFinePix X100用、ワイドコンバージョンレンズ
it-life-hack	0		ネットワークダビング対応　ポータブルBDドライブのレビューアー10名を募集
it-life-hack	0		脳科学者 茂木氏も登場！教育とテクノロジーの祭典を開催へ
kaden-channel	1		寒い冬もスマホが快適に使える！　今週の「週間アスキー」の付録は「超ぬくぬくスマホてぶくろ」
it-life-hack	0		シマンテックより警告！　メールアドレスを収集する危険なアプリに要注意！
it-life-hack	0		ふぉっくす紺子だよ！紺子ぬいぐるみ、みんなのところに行けるといいなぁ
kaden-channel	1		iPhoneの同期に要注意！　家族団らんが崩壊したとの報告あり
kaden-channel	1		iPhoneユーザー予想外！　iOSアップデートでもバッテリー問題が解決しない！？
kaden-channel	1		街のビデオ屋目線のTest Room
kaden-channel	1		録画したいほど見たいテレビ番組がない？　録画機を買わない理由がネットで討論
it-life-hack	0		将来のノートパソコンの厚みは? 薄型化の限界はどこまで
it-life-hack	0		デルの新Ultrabookは光学ドライブ付き！14.3インチディスプレイの「Inspiron 14z」登場
it-life-hack	0		Ultrabook最大の弱点を裏技で克服！会社や自宅で最強PC環境を作ろう
it-life-hack	0		リミッター解除のグラボ登場！MSIよりクロックアップの制限を解除したRadeon HD 7970搭載カード
it-life-hack	0		いつでもどこでも自分専用環境！　Ubuntu起動ができるUSBメモリーを作成！
it-life-hack	0		おはこんこん、ふぉっくす紺子です！オリジナルグッズがアキバ進出だよ
kaden-channel	1		スティーブ・ジョブズが広告業界で「名誉の殿堂」入り！【話題】　
it-life-hack	0		複数の大手２ちゃんねるまとめサイトに転載禁止の通達！残ったサイトとの違い
it-life-hack	0		何これ欲しい！のキーボード登場！　エレコムのレーザー投影式キーボード
kaden-channel	1		iPhoneの値段が高すぎる！　急成長するブラジルに家電メーカーが国内工場や子会社を作るわけ
kaden-channel	1		正しい歯磨き方法をコーチしてくれるブラウン電動歯ブラシオーラルBプレミアムモデル新発売
it-life-hack	0		本日のGoogleロゴは砲丸投　Googleロゴがスポーツ関連画像に変化第五弾
kaden-channel	1		日本の首都は吉野家で首相はキティちゃん！？　アンサイクロペディアの日本の項目がおもしろい
kaden-channel	1		スプレーするだけで、何でも電池にできるペンキ
it-life-hack	0		タッチにも対応！ワコム、プロ向けペンタブレット「Intuos5」 が凄い
kaden-channel	1		お前が言うな？　ミヤネ屋の塩谷報道に突っ込み殺到
kaden-channel	1		クリスマスはテレビを見よう！実は恋人と過ごす人はたった18.6%…切ない夜を笑いで吹き飛ばしたい人は「すべらない話」第21弾がオススメ
kaden-channel	1		セミナーレポート 「EOS MOVIEセミナー〜EOS MOVIEで広がる映像の世界」
it-life-hack	0		USB機器を家族で使える！無線LAN対応USBデバイスサーバー「WN-DS/US」のレビューアーを募集
it-life-hack	0		オシャレなページで情報発信！Tumblrのデザインを設定してみよう
kaden-channel	1		町でどんどんモバイル充電しよう—パナソニック「無接点対応USBモバイル電源」QE-PL301
it-life-hack	0		コペルニクス的転回的なGPU登場！ITニュースの1週間を振り返る
it-life-hack	0		製造業界に激震か！国内唯一のDRAMメーカーであったエルピーダが倒産
kaden-channel	1		今や照明と言えばLEDが常識！続々登場するLEDシーリングライトの新製品
kaden-channel	1		超音波で洗浄、オゾンで除菌—野菜洗浄器「くりん棒」
it-life-hack	0		そういうことか！Googleロゴが絵画である理由
it-life-hack	0		Ubuntuをこまめにアップデート 専用ソフトで安全・安心に行える
kaden-channel	1		業界初！　富士通など、自社回収したＣＤ／ＤＶＤをノートパソコンに再生利用
kaden-channel	1		出火の恐れあり！　ソニーが「ブラビア」18万台を点検・修理
it-life-hack	0		ジメっとした気分を吹き飛ばせ！　いまが見ごろ、鎌倉の紫陽花写真の数々
kaden-channel	1		おっきくなっちゃう？　次期iPhoneにまつわる噂
kaden-channel	1		あのタモリさんが不機嫌になり危うく放送事故！　総集編が気になる「笑っていいとも！」
kaden-channel	1		ソニーは過去最大の赤字で１万人リストラ...　家電業界の凋落はとまらないのか
it-life-hack	0		バージョンアップは提供されるのか? Android端末の選び方
kaden-channel	1		東芝からロボット掃除機「Ｓｍａｒｂｏ(スマーボ)　ＶＣ−ＲＢ１００」が発売に
it-life-hack	0		"毎月1,500円がタダ！お金をかけずにドラマや映画を見まくる方法"
it-life-hack	0		少し古いマシンに向くSSD登場！ マイクロンよりSATA2.0に最適化されたSSD
it-life-hack	0		1ページに表示する投稿数を読みやすく調整するtumblrワザ
kaden-channel	1		寝るときに？　移動中に？　実は使いにくいとの声も多いiPadのおススメ利用法
it-life-hack	0		もちろん見てきました！デルがはなつUltrabookの本命！写真で見てもカッコイイ「XPS 13」
it-life-hack	0		auスマホの新モデルを5秒で解説！「au発表会2012 Summer」速報
kaden-channel	1		次に来るのはパカパカiPhone！？　アップルが新たに行った特許申請に夢が広がる
kaden-channel	1		「何の自信も持てない」視聴率がとれず自信喪失のAKB前田敦子に同情の声
kaden-channel	1		ネコでもわかる！「新しい」iPadはここが新しい!!
kaden-channel	1		「電力使用状況グラフ」にダマされるな
it-life-hack	0		最近使ったファイルをキー操作だけで素早く開く
it-life-hack	0		最近使ったファイルを素早くスタートメニューから開く
it-life-hack	0		不屈の精神力を持っているか！孫社長の格言的な言葉が話題
it-life-hack	0		テレビ録画もガラパゴス化 日本にしか無いテレビ録画機市場
kaden-channel	1		ついにケーブル不要？ 無線での高速データ送受信実現か　東京工業大学とソニーが世界最高速のミリ波無線用LSIを共同開発
kaden-channel	1		「ハリポタ」抜き１位！　英国版アマゾンで最も売れた本は官能小説！
it-life-hack	0		進化するUltrabook　全部入りUltrabookにテカテカ液晶モデルが追加
kaden-channel	1		パナソニックが力を入れる「ビューティ」家電
it-life-hack	0		3万円台のコンパクトベアボーン　ZOTACのベアボーンに新モデルが登場
it-life-hack	0		ネット上の無断転載を巡る議論　無断転載はされて当然という意見にTwitterが騒然
it-life-hack	0		UbuntuでOffice互換ソフトを使う OpenOfficeをめぐるあれこれ
it-life-hack	0		ThinkPadをNECで生産へ 2012年秋より日本で試験生産
kaden-channel	1		独自のフシギな世界が展開！　吉高由里子のツイッターが気になる
kaden-channel	1		災害時、遠隔地でも通信を確保！　法人向けレンタルと販売開始—イリジウム衛星携帯電話のＧＰＳ機能搭載モデルＫＤＤＩ「Ｅｘｔｒｅｍｅ」
kaden-channel	1		ジョブズ構想のテレビがアップルから登場か
it-life-hack	0		話題のスマホの駆動時間をのばす！ドコモ REGZA Phone T-01用大容量バッテリー
kaden-channel	1		ミラーレス一眼のメリット・デメリットとは？
kaden-channel	1		日本に進出する中国家電メーカー！　OEM供給ではすっかり定着
kaden-channel	1		ソニーが示すコンセントの未来コンセプト!? —FeliCaがユーザーや機器、電気使用量もコントロール
it-life-hack	0		同じ趣味の人を紹介し合おう　Facebookで広げる友達の輪
it-life-hack	0		インテル社長の自作PCまとめ 吉田社長の個性的な自作機
kaden-channel	1		大型サイズはいかが？シャープから「AQUOS　クアトロン　３D」70型が発売に
it-life-hack	0		常識を塗り替える軽いUltrabook！新製品ラッシュの1日を振り返る
kaden-channel	1		三菱電機、ＬＥＤ照明の新ブランド「ミライエ」を展開
kaden-channel	1		コダックが大ピンチ！　なんと毎月54億円の大赤字
kaden-channel	1		パナソニック、人気の3Dビエラ「GT3シリーズ」に55V型も登場
it-life-hack	0		快適化前に最低限しておきたい設定
it-life-hack	0		twitterの写真のほうがカッコいい！孫社長 Facebook開始宣言が話題
kaden-channel	1		中の人はこんなに大変！　クリスマス商戦でアマゾン倉庫は大忙しに
kaden-channel	1		iPhoneだけじゃない！！　サムスンの「GALAXY S II」もいきなり発火
it-life-hack	0		歌＋歌＝歌　見事な才能に感嘆！え？二曲を同時再生するとまったく別の曲が！
it-life-hack	0		アナログとデジタルの融合。旧と新の技術が出会った不思議な写真空間
kaden-channel	1		PS Vitaをいち早く体験するチャンス！　「東京ゲームショウ2011」開幕中
kaden-channel	1		米アマゾンが発表のタブレットは「キンドル・ファイア」！　気になる価格はiPadの半額
kaden-channel	1		やっぱり使いにくい！　スマホからガラケーに戻す人が多いらしい!?
it-life-hack	0		プレゼンのジェスチャーの参考に！ AMD CEOのパワフルなプレゼンテクニック
it-life-hack	0		ホットピンクの天板がまぶしいっ！ ASUSTeKが春モデルノート第2弾を発表
kaden-channel	1		すぐに暖まって美肌にも効果的なシャーププラズマクラスターエアコン「ＳＸシリーズ」新発売
kaden-channel	1		"どうしたmixi！　減収減益で最終損益は61.6％減の４億7,400万円"
kaden-channel	1		食洗機がウチ飲みビールをおいしくする！—パナソニックが検証
it-life-hack	0		韓国・台湾に続くのは中国！世界に躍り出たZTEの日本侵食は避けられない
it-life-hack	0		もう糞アプリとは呼ばせない！これはもはや芸術だ
kaden-channel	1		オタクは大人のカラダになれない！　幼児体型が増加中！？　
it-life-hack	0		こんこん、ふぉっくす紺子だよ！暑中見舞いカードを無料配布してます
kaden-channel	1		パナソニックが新「エコナビ」キャンペーンを開始！ナビゲーターに吉瀬美智子さん
kaden-channel	1		無線LANと体重計で「はかるだけ」も手間なしダイエット
kaden-channel	1		家庭菜園の流行で注目！　初心者や女性にもぴったりな軽くて使いやすい「ミニ耕運機　ＬＧＣ１２０」
it-life-hack	0		スマホで使えるNASに新モデル！　挑戦者の自作NASキット「RockDisk」にHDD入りモデル登場
it-life-hack	0		ブラウザカスタマイズのポイント解説　Firefox＆Chrome使いこなし術まとめ
kaden-channel	1		「上からマリコ」はやっぱりサディスティックだった！　AKB前田敦子がツイッターでネタにされる
kaden-channel	1		家庭円満のコツはITにあり!?　オンラインの活用は家族間のコミュニケーションを満足させる
kaden-channel	1		スマホやタブレットで高音質サウンドをコントロールするAVアンプ—ヤマハ　ＡＶレシーバー　『ＲＸ−Ｖ５７３』
kaden-channel	1		パナソニックAG-AC160、1080/60p記録にも対応
kaden-channel	1		店頭で口コミをささっとチェック！　食品のバーコードをスキャンするiPhone/Androidアプリは「もぐナビ」
kaden-channel	1		ノイズキャンセリングでiPhoneの通話・音楽に集中できる—Creative HN-900
it-life-hack	0		Appleとの一騎打ちに死角？スマホシェア1位Samsungが抱える激動の2012年
it-life-hack	0		Facebookの意外と知らない裏ワザ！ビジネスユーザーに役立つPC活用術
it-life-hack	0		デザイン変更や調整テクニック　Tumblr使いこなしテクニック
kaden-channel	1		マリオがたくさん！　ゲームの発売を記念してショッピングセンターでお祭り騒ぎ
it-life-hack	0		キンドルの3G回線は無料で使える！書籍購入以外にも使い放題
it-life-hack	0		21日は金環食を見よう！　ニコ生やUSTでも25年ぶりの金環食を配信予定
it-life-hack	0		こんこん、ふぉっくす紺子だよ！お花見日和なのに、おしごと
it-life-hack	0		冷房なしでは低温やけどしそうな熱さ！ 発熱は他製品と同じMacBook Pro Retinaディスプレイモデル
it-life-hack	0		叩いてもひっかいてもOK！iPhone液晶を保護するスクリーンプロテクター
it-life-hack	0		iPhoneからどこでもOffice書類にアクセス　SkyeDriveを徹底活用
it-life-hack	0		ドラクエXで遊ぶのに必要な物 PCの周辺機器を流用できる
kaden-channel	1		Test Report タスカム US-125M［USBオーディオインターフェイス］
kaden-channel	1		耳の内側でふんばる、けなげなスポーツヘッドホン『HP-S20』でイライラ解消！
kaden-channel	1		収入低下！　無料通話サービスでケイタイ会社がヤバい？
it-life-hack	0		“3”も“HD”もなかった！　製品名は何と新しい「iPad」
it-life-hack	0		コンパクトケース対応のGTX 670！　ツインクーラーで全長の短いGeForce GTX 670搭載グラボ
kaden-channel	1		高橋名人も苦言！　買ったばかりのPS Vitaがトラブル続きで不満殺到
it-life-hack	0		地方の元気が日本の元気に！「ニコニコ町会議」佐賀県唐津市呼子町に1万6千人が来場
it-life-hack	0		その被害は数百万人以上？ 個人情報ぶっこ抜きの不審なAndroidアプリの顛末
kaden-channel	1		オリオン電機から発売！　USB接続HDDへ録画対応液晶テレビ
it-life-hack	0		ニコニコ超会議振り返り第二段　ユーザー生放送の人気のスゴさを実感
it-life-hack	0		楽しくリズム感覚が身につく「おやこでリズムえほんプラス」
it-life-hack	0		これでぐっすり！早く眠れる睡眠導入アプリ 
kaden-channel	1		気になってゆっくり休めない？　ホリデー中に仕事メールをチェックする人は７０％
it-life-hack	0		ニュースやメールをいつでもチェック！　Chromeをカスタマイズしよう
kaden-channel	1		好きなところを温めてほぐすマッサージ器は車載もOK!
kaden-channel	1		冷える日本列島！　寒い年末年始をぬくぬく過ごせる便利グッズ
it-life-hack	0		ゲーム機に必要なストレージ容量は？ ダウンロード販売が本格化
kaden-channel	1		東芝、ルートを覚えて４回掃除するスマートロボットクリーナーを発売
kaden-channel	1		ネットの世界は好景気？　オンラインゲームで１０万円のアイテムが２０００個売れた
it-life-hack	0		23年ぶりの天体ショー再び！  14日未明は金星食を観測しよう！
kaden-channel	1		効果的な節電のために！　朝日電器が電気の無駄使いをチェックできる「エコキーパー」を新発売
kaden-channel	1		東電リストラ！　クビを切られたのは人気キャラクター「でんこちゃん」だった
kaden-channel	1		冬の節電対策は夏のうちに
kaden-channel	1		2月記事連動「音の編集講座」効果
kaden-channel	1		夜空を見上げよう！　天文写真の撮影に再挑戦
kaden-channel	1		"オープンしたての「Apple Store, Grand Central」の様子が公開！　オープン前には行列ができる大賑わい"
kaden-channel	1		Hulu、ついに待望のApple TVに対応！　一周年記念で「Hulu アンバサダープロジェクト」 もスタート
it-life-hack	0		新型iPad情報でビンゴも！ITのいまを伝える【デジ通】まとめ読み
kaden-channel	1		人気アイドルが被害に！　防犯カメラの画像がツイッターにさらされる【話題】　
it-life-hack	0		Windows8、Retina Mac情報　PCの情報に精通するデジ通の原点
it-life-hack	0		行間を読む　翻訳のされ方で大きく印象が変わる言葉の難しさ
it-life-hack	0		最新バージョンに追いつくことはできる？ Android端末選択指南
it-life-hack	0		どうやって撮ったの？コンデジで驚きの不思議な写真「Naked Flower（裸の花）」
kaden-channel	1		紙に書いた内容をデジタルでも保存できる！ワコムがデジタルボールペン「Inkling」発表
it-life-hack	0		アイコンを変更してフォルダーを目立たせる
it-life-hack	0		通信プラットフォーム企画会社の清算に見る次世代LTE開発の行方
kaden-channel	1		笑いありマジメなコメントあり・・・ハム太郎公式ツイッターが大人気
kaden-channel	1		これは便利！ありそうでなかった電動ホチキス＆電動パンチ、サンワサプライから発売
it-life-hack	0		iPhone版Google Drive体験レポ！情報満載の1日を振り返る
kaden-channel	1		無線LAN搭載のミラーレス一眼！　ソニーが「NEX-5R」を海外発表
kaden-channel	1		AndroidでGoogle+を使うのが気に入ってきたワケ
kaden-channel	1		今日から役立つ、実践ムービーカメラ講座
it-life-hack	0		本音トークが炸裂！これが「Android ライターサミット」だ
kaden-channel	1		シングル７００人が参加！　ロンブー淳のお見合い企画はまた盛況！
kaden-channel	1		プライバシーについてもう一度見直しを！　フェイスブック利用者に要注意
kaden-channel	1		村上春樹はじめてのCM！　箱根駅伝で２日間の限定放送
kaden-channel	1		女の子は誰でも好きな「ガチピンク」！人気モデルがドコモのスマホをアピール
kaden-channel	1		脚本家がネタバレしちゃった！？　「家政婦のミタ」が今夜ついに最終回
it-life-hack	0		ソフトバンクのスマホに強い味方！ソフトバンク AQUOS PHONE 102SH対応大容量バッテリー
kaden-channel	1		目に見えない「透明マント」光学素子が、 映像機器を変える
it-life-hack	0		ウェブセキュリティの向上を目指すOWASPとは 
it-life-hack	0		PS Vita 3G版で3G解約は何割？情報満載の1日を振り返る
kaden-channel	1		使える素材から伝えたいメッセージを効果的にまとめる。編集のお仕事
it-life-hack	0		インテル最新プロセッサが登場！ 新Ultrabookへの採用はいつ? 
kaden-channel	1		関電の節電要請は２２日で終了
kaden-channel	1		ネットはバカ発見器？　SNSの普及で拡大する実名制に要注意
kaden-channel	1		選手のゲームができるかも!?　「横浜DeNAベイスターズ」がついに誕生へ
kaden-channel	1		魁!! ビデオ道場　2012年２月号
it-life-hack	0		カワイイけど難しい“カワむず”なパズルゲーム「ねこずらし」が楽しい
kaden-channel	1		写真を合成してより自然な１枚を作る！「ハイダイナミックレンジ合成」に挑戦
it-life-hack	0		2年間で20万円超のスマホ料金！？ 音声専用契約からの変更では何と6倍に
it-life-hack	0		外出先で録りためたビデオを見る！クラウドの動画ライブラリを作ろう
it-life-hack	0		今度は大丈夫？ iPhoneで24時間無料のWi-Fi！「LAWSON Wi-Fiサービス」が大幅アップデート
it-life-hack	0		自然災害だからと諦めない！　災害救助法適用地区に関する特別サービスを利用しよう
it-life-hack	0		え？コミュ障？　それでも平気！ どんな人とも10秒でうちとけて話せる本
it-life-hack	0		電波監理審議会が答申！プラチナバンド900MHz帯はソフトバンクへ
kaden-channel	1		時間つぶしに有効？　ゲーセンに設置されている一人用カラオケボックス
kaden-channel	1		きっかけは知事のつぶやき！　ジョジョの荒木飛呂彦氏イラストで岩手県HPがダウン
it-life-hack	0		ファーストサーバがまたも謝罪！復元時に他人の情報を漏えいか
kaden-channel	1		来春開局のスマホ向け放送局「NOTTV」は今までのテレビと何が違うのか？
kaden-channel	1		センター試験終了！　受験生ファンに眞鍋かをりが的確なアドバイスをしていた
it-life-hack	0		「ゴミ箱に入れるだけ」ではない！アプリ関連ファイルの削除を確実に - Mac必須アプリ (5)
kaden-channel	1		スマホを買ったらまずFacebook？　Androidユーザーがよく使うアプリはアプリストアとFacebook
it-life-hack	0		Facebookで友達宛にコメントを付けたことを知らせたい
it-life-hack	0		電子ブックリーダー「kobo Touch」の実機が見られる！楽天が大手書店と連携した理由
kaden-channel	1		充電中の青い光が美しい！　サンワサプライ「光るiPhone・iPad USBケーブル」
it-life-hack	0		スマホライフスタイルを提案！KDDI 甘田氏が語る、関西KDDIの強さの秘密
it-life-hack	0		「すぐつく」の機能は微妙に異なる！テレビ機能の競い合い続く国産PC
kaden-channel	1		アルインコ、イスにセットして使う「どこでもマッサージャー　モミっくすキングＮＥＯ」を発売
kaden-channel	1		DaVinci Resolve Lite 8.1 でノードが無制限に！
it-life-hack	0		龍馬がいたら原発はどうなる？孫社長の問い掛けに賛否両論
kaden-channel	1		待望のEOS 5D Mark III、動画の進化のポイントは？
kaden-channel	1		感覚・体験を共有する　タッチ・インターネットが拓く未来（３）
it-life-hack	0		何これキモい！　ツイッターのTLの合間に出てくる怪しい生物画像が話題に
kaden-channel	1		押すとしゃべる！　テレ東が「ピカチュウリモコン」を７，７７７名にプレゼント！
it-life-hack	0		かっこ良すぎるまな板！　アスクよりAerocoolの「Strike-X AIR」登場
kaden-channel	1		スタイリングってなに？　いつもの写真をワンランクアップ！　かわいい写真を撮る方法
it-life-hack	0		クリエイターと読者が創るソーシャル時代の電子書籍サービス「Yomuca」
kaden-channel	1		パナソニックが交通事故のない未来へ大きな一歩—夜間や悪天候でも車両と人をクッキリ検出できるミリ波レーダー技術を開発
it-life-hack	0		この谷間写真は誰得？　Twitterのハッシュタグ「#女子谷間晒し祭」で大いに盛り上がる
kaden-channel	1		テレビ業界が迷走中・・・課題を抱えたスマートテレビの普及はどうなる？
kaden-channel	1		今年は秋冬も節電！岩谷産業の「カセットガスストーブ」は持ち運びも便利
it-life-hack	0		今年の夏は湘南とお台場へGo！　ニコニコ神社、夏の出張はお台場と海の家
it-life-hack	0		ウィンドウを拡大し自在に動かす！プレゼンからPC操作の説明まで使える「ZoomIT」
it-life-hack	0		毎日数十万番組！ニコニコ生放送の放送番組数が1億番組を突破
it-life-hack	0		出席者の数がすぐにわかるExcelワザ
kaden-channel	1		YES！　高須度チェック！　予想の斜め上を行く高須クリニックのスペシャルサイトに困惑
kaden-channel	1		「一番アカン日！」司会の今田耕司も嘆くフジテレビの大晦日は大コケ！　視聴率はまさかの一桁
it-life-hack	0		電子書籍では何が重要なのか？ 本格化する日本の電子書籍
kaden-channel	1		パスポートがなくてももう大丈夫？　iPadで入国できちゃった！
kaden-channel	1		人気マンガで視聴率を取れるか！？　「孤独のグルメ」実写ドラマ化に早くも大注目
it-life-hack	0		定番スキャナがiPhone＆スマホに対応！　iPhoneやAndroidからスキャンできるScanSnap登場
it-life-hack	0		入社3年後の定着率9割以上！孫社長の雇用発言がネットで話題
it-life-hack	0		シンプル・スリム！スタンドやiPhoneを張り付ける不思議なマグネットスタンド&カバーケース
kaden-channel	1		約2倍の広さで日本最大級規模！　ヨドバシカメラ梅田店が新ビルを建設へ
it-life-hack	0		旅行に行く人へチャンス！海外パケット定額使い放題サービスのレビューアー10名を募集
kaden-channel	1		クリスマスはテレビを見よう！　クリスマスを恨めしく思う女子はイブの夜に「祝女」スペシャルがおすすめ
kaden-channel	1		ウサギから最後のお願い「あけおめメールは午前２時まで控えて！」　各キャリアがお願い
it-life-hack	0		入力し直し不要！　Excelで表の行と列を入れ替える
it-life-hack	0		転売厨に要注意！　創刊当日に休刊が決定したコミック雑誌がamazonで高値で転売される
it-life-hack	0		スクラップブックが簡単にできる！写真加工アプリ
it-life-hack	0		ガガを聴きながら毎朝歯磨き！　レディー・ガガ　シンギングトゥースブラシ独占先行販売
kaden-channel	1		楽天が電子書籍に本腰！　カナダの電子書籍企業「Kobo」社を買収
it-life-hack	0		おはこんこん、アキバ大好き！祭りだよ
it-life-hack	0		PCレスで地デジ視聴！地デジチューナー搭載の無線LANルーター
it-life-hack	0		マイクロソフトが方針転換を始めた！マイクロソフトの独自タブレット
kaden-channel	1		三菱電機から2つのセンサーで自動的に節電可能な頼もしい冷蔵庫「RXシリーズ」が新発売
it-life-hack	0		企業の業績と戦略をiPadでチェック！「IR資料・会社資料ダウンロードサービス」
kaden-channel	1		「OLYMPUS Viewer 2」のバージョンアッププログラム明日公開
it-life-hack	0		おはこんこん、ふぉっくす紺子だよ！新しいおしらせ
it-life-hack	0		連続入力するデータを自分で作っちゃおう！　Excel便利ワザ
kaden-channel	1		テレビ離れを阻止せよ！日立から偏向方式3D対応、高画質・省エネ性アップの「Wooo」新機種発売
it-life-hack	0		プレイ可能なGoogleロゴ第四弾！　Googleロゴがスポーツ関連画像に変化第十一弾
kaden-channel	1		斬新なデザインで実用機能充実のピコプロジェクター「i Show」登場
kaden-channel	1		予想外？　iPhone4S購入のユーザーで20％は購入を後悔
it-life-hack	0		おめでとうございます！孫社長 王会長との記念写真を掲載
it-life-hack	0		話題集めの必需品！ お待たせしました！三面貴族のiOS版が登場！
it-life-hack	0		Windows 8 Proが1200円！ 「Windows 8 優待購入プログラム」
it-life-hack	0		SSDのフォーマットに注意！ eSATA対応外付けケースを活用 “続インテル SSD 520をMacに装着” （中）
it-life-hack	0		加入者は追加料金なしでOK！ WOWOWのスマホ向けオンデマンドサービス
kaden-channel	1		もはや格闘ドラマ？　松潤主演の「ラッキーセブン」は今後が楽しみな初回16.3％
it-life-hack	0		タグ付けから友達管理まで　Facebook活用のスゴ技・裏技テクニック集
kaden-channel	1		個人情報が丸裸に！　法で取り締まられてもいいレベルのGoogle新プライバシーポリシーに騒然
kaden-channel	1		東京電力が保有するＫＤＤＩ全株売却を発表。売却総額は1862億円
kaden-channel	1		KDDI音楽配信サービス配信「LISMO Music Store」を年内終了へ
it-life-hack	0		ヤバイぜ！楽しすぎる！　ニコニコ超会議はガチでマジで“超”楽しい！
kaden-channel	1		たった86gのフルハイビジョンカメラで峠を、ビーチを攻める！—サンワダイレクト『自転車車載カメラ（防水・フルＨＤ）４００−ＣＡＭ０１１』
kaden-channel	1		「履歴書ってパソコンで作ったらダメなの？」パソコンVS手書きについて考える
it-life-hack	0		いつでもどこでも自分専用環境！Windowsトラブル時にも使えるUbuntu
kaden-channel	1		魁!! ビデオ道場　2012年3月号
it-life-hack	0		Ultrabookユーザー必見！爆速無線LANルーターのレビューアー5名を募集
kaden-channel	1		露骨すぎる！？サムスンがiPhoneは古いとアンチキャンペーンを展開
it-life-hack	0		起業家のための事業継続支援サイト「開業計画NAVI」を立ち上げ！
kaden-channel	1		2012年３月号「音の編集講座」BGM
kaden-channel	1		高画質で節電にも貢献する日立「Wooo」新モデル6機種が続々発売
kaden-channel	1		モテる女子はみんな持ってる！　もっとキレイになる便利家電
it-life-hack	0		ドコモ、薄さ6.7mmの極薄スマホを発売へ！ドコモ、「MEDIAS ES N-05D」が凄い理由
it-life-hack	0		サムスンがテーブル型PCを投入！Surface 2.0を搭載するPCの魅力
kaden-channel	1		アデランスが提案！　スカルプ・フェイス・ボディのお手入れを手軽に自宅でできる『ＨａｉｒＲｅｐｒｏ ＵＰ（ヘアリプロユーピー）』登場
kaden-channel	1		娘がFacebookでハブられて激怒！　父親が元友達２人を殺害
kaden-channel	1		モノの置き方でスタイリング！　いつもの写真をワンランクアップしてかわいい写真を撮る方法
it-life-hack	0		同窓会や女子会で大活躍！　Facebookで簡単イベント作成
it-life-hack	0		明日は福島県三春町で町会議！　北の大地に2千人来場！北海道長万部町の町会議
it-life-hack	0		フリップカバーにスタンド＆バッテリーまで内蔵！ GALAXY SIII専用ケース
kaden-channel	1		これなら欲しい？　PS Vitaのニセモノが海外で登場、名前は「PS Vista」
it-life-hack	0		アップルがモバイル市場を牽引！国内モバイルデバイス市場規模が明らかに
kaden-channel	1		ニコン、Ａｎｄｒｏｉｄ搭載Ｗｉ−Ｆｉ対応デジカメなどＣＯＯＬＰＩＸ　Ｓシリーズ３機種を発売
kaden-channel	1		いきいきとした表情をリアルに撮る方法を紹介！　オーストラリアの動物を撮影してきました
it-life-hack	0		amazonでAMEX決済なら要注意！ amazonで買い物したら100倍の請求金額に口があんぐり！
kaden-channel	1		デロンギが消費電力20％OFFのオイルヒーターを発売
kaden-channel	1		ソーシャルメディアとの親しみ方を今一度考える機会『世界を変えたソーシャルメディア革命の落とし穴』
it-life-hack	0		iPhone5やiPad miniは姿を見せるか？アップルのWWDCを日本語で解説
kaden-channel	1		つぶやくだけで広告収入ゲット！　「ツイッター広告サービス」ってなんだ
it-life-hack	0		新感覚UIを体験せよ！今話題のTODOリストアプリ「Clear」
it-life-hack	0		Excelの新規ファイルにムダなシートを作らない
it-life-hack	0		私立中高5校とコラボ！　iPhone＆Androidアプリ制作を学ぶ「Life is Tech!サマーキャンプ」
it-life-hack	0		じゃあ、その分の電気使わないでね！孫社長「大飯原発、運転継続理解できない」
it-life-hack	0		金環食で思わぬ経済効果？　太陽に直接カメラを向けて壊した人が続出？
kaden-channel	1		感覚・体験を共有する　タッチ・インターネットが拓く未来（５）
kaden-channel	1		auが2011年秋冬ラインアップを発表！au同士通話無料の新プランも発表
kaden-channel	1		感想をシェアしながら映画鑑賞！　ニコニコ動画がワーナーと連携し映画配信
kaden-channel	1		まずはソフトバンクが優勢？　「iPhone4S」いよいよ発売
kaden-channel	1		ソニー、１０倍ズームで３．０型タッチパネル搭載の“サイバーショット”「ＤＳＣ−ＷＸ１７０」を発売
kaden-channel	1		日テレで出る出る詐欺！　出演を告知していた中島騒動の占い師が登場せず
it-life-hack	0		不正コピーの発覚で多額の賠償金！組織内不正コピー防止キャンペーンを実施した理由
kaden-channel	1		YouTubeでは18禁！　AKB48のチューCMが非難殺到
kaden-channel	1		操作簡単ICレコーダーと予約エアチェック機能つきラジオ、単三電池で稼働！—ロジテック『ＬＩＣ−ＲＲ１００』
kaden-channel	1		スマホゲームへの移り変わりに要注意！　いままでのゲームと同じだとビジネスチャンスを逃す！
it-life-hack	0		アップルに対抗できるのか? マイクロソフトの独自タブレット
it-life-hack	0		ウェブページのイメージを丸ごと取り込むワザ
kaden-channel	1		フルキーボードのスマートフォン「REGZA Phone IS11T」がａｕに登場
kaden-channel	1		夢のエコ製品発見！じゃがいもで動く「じゃがいも　eco時計」新発売
kaden-channel	1		Googleのモトローラ買収でAndroid市場は変質するのか？
kaden-channel	1		サムスンがアップルに逆転勝訴！　オーストラリアでの販売差し止め取り消し
it-life-hack	0		周辺地域の情報をゲット「ご当地ニュースbyロケタッチ新聞」リリース
kaden-channel	1		日本と韓国の映画・ドラマも配信開始！　人気の動画配信サイトHuluがますます便利に
it-life-hack	0		意外と知らないExcelのウラ技！仕事で役立つウルトラテクニック
it-life-hack	0		パチンコ店でも通話がクリア！電話としてのau最新スマホの音声を徹底チェック
kaden-channel	1		Twitterでまた事件！　今度はビビる大木が悪口を言うショップ店員に怒り心頭！
kaden-channel	1		今年のバレンタインはツイッターで「欲しい！」をアピール！男子必見の「chochokure」に注目
it-life-hack	0		週末はPC活用＆メンテナンス！　【PC快適術】でPCをチェックしより快適に使おう
it-life-hack	0		大容量なのに軽い！スマホもタブレットもこれ1個で充電できる実用度の高い「i・mee」
kaden-channel	1		ユーザーの不満爆発でレビューを閉鎖！楽天の電子書籍端末「kobo」は大丈夫か？
kaden-channel	1		野菜でキレイになる！　自宅でパックが簡単に作れるフェイシャルパックメーカー
kaden-channel	1		サマンサタバサがキャノンとコラボ！　限定デジカメ「IXY 600F シャンパンピンク」発売
it-life-hack	0		進化し続けるMac狙うマルウェア 
it-life-hack	0		株価・国債・為替、何でもチェック！超便利なブルームバーグのiPadアプリ
it-life-hack	0		ピークシフト機能がさらに進化 パソコンの節電も高機能へ
it-life-hack	0		その正直さかっけーっす！ Transcend Japan公式Twitterアカウントの“漢”さ
kaden-channel	1		誰もがスマホに持つ不満はやっぱりあれ！　対策法は？
kaden-channel	1		ニコン電動レンズの作例
it-life-hack	0		LINEで新たな価値を提供！LINE公式アカウントに小説コンテンツ「トークノベル」を追加
kaden-channel	1		オリンパスイメージング、防水・耐衝撃などを備えたコンパクトデジタルカメラ５機種を発売
kaden-channel	1		マイナス成長のデジカメ業界で安定推移したのはミラーレス一眼！
kaden-channel	1		新時代の「カセット」持ち運び自由なHDDを楽しめ！日立マクセルからｉＶプレーヤー新発売
kaden-channel	1		感覚・体験を共有する　タッチ・インターネットが拓く未来（２）
it-life-hack	0		GIGABYTEマーケティング部門副部長が語る！アキバで見たシニア世代に感動
it-life-hack	0		上部タブが追加されてさらにできるようになった“俺だけポータル”「ライフリスト」
kaden-channel	1		あなたは大丈夫？　40代会社員はパソコンが使えない人多し！
it-life-hack	0		117万2132件の動画中最高の1本！情報満載の1日を振り返る
it-life-hack	0		間違いなくワイルドなiPhoneカバー！　スギちゃんのiPhoneカバー登場！
it-life-hack	0		29日はアキバへGo！　レビューアー100人以上を大募集の太っ腹企画開催！
it-life-hack	0		ようこそ、ケーブルのない世界へ！クリアな音質のBluetooth対応ヘッドセット
kaden-channel	1		誰でもかっこよくなれる！　男の正しい眉整え術
it-life-hack	0		待ってましたのGPUが発売！新型Radeon HD搭載カードが続々登場中
kaden-channel	1		ニートから「レイブル」への名称変更にネットアンケートでは「効果ない」
it-life-hack	0		ビデオメモリー4GBの意味は？　低価格ながら4GBメモリー搭載のグラボ
kaden-channel	1		ソニーが3G、Wi-Fi対応の電子書籍リーダー「Reader」を発表
kaden-channel	1		事故防止に耳掛けタイプが注目！　「居眠り感知器」の売り上げが急増中
it-life-hack	0		全国21店舗で配信開始！　ドスパラが9月より店内放送型情報番組を開始
kaden-channel	1		ＪＶＣケンウッド、軽量ボディの２．４ＧＨｚデジタルワイヤレスヘッドホン「ＨＡ‐ＷＤ５０」を発売
kaden-channel	1		今年の夏のボーナスは上がる？下がる？おそらく盛り上がりに欠けるボーナス商戦の行方は？
kaden-channel	1		ジョブズのための端末だった？　iPhone4Sの予約が本日スタート
it-life-hack	0		スタンド＆カバーにキーボード！ iPadを使い倒せるガジェット登場
it-life-hack	0		先頭行を固定したままスクロールするには？−−今さら聞けないExcelワザ
it-life-hack	0		違法ダウンロード刑罰化の勉強会開催！　本日17時よりニコニコ生放送でも配信
it-life-hack	0		泣くとかじゃなくこれはヤバイ！鉄拳のマンガにネット住民号泣
it-life-hack	0		どこでもファイルを活用　GoogleドライブとローカルPCを自動で同期する
it-life-hack	0		スマートに一体化！GALAXY Noteを無敵化するバッテリー内蔵ケース
kaden-channel	1		組み合わせ自由自在！自分だけのヘッドフォンKOTORI101は素敵な相棒
it-life-hack	0		市場動向を立体視できるiPadアプリ！Yahoo! ファイナンス株式マップ 
kaden-channel	1		KDDI社長が喜びの声！iPhone販売は予想以上
it-life-hack	0		Facebookのコメントを読みやすく！　文の途中で改行するワザ
kaden-channel	1		「江」「南極物語」は大失敗か　−　「週刊新潮」が日本の最低ドラマ賞を発表
it-life-hack	0		漫画家/イラストレーター志望のクリエイターのたまご必見！　デジタルでの制作環境が全て揃うレビューアー募集開始
kaden-channel	1		締め切り迫る！　人気アプリ「WishScope」開発者がスマートフォン×Facebookアプリのハッカソンイベント「第1回ハッカー道場」を開催！
it-life-hack	0		最新鋭タブレット「Cintiq 24HD touch」が登場！プロが徹底チェックした貴重なレビューを公開中
kaden-channel	1		コンテンツは？の声多数！　楽天が受付開始した激安電子書籍端末「kobo Touch」
it-life-hack	0		mixiの新サービスに疑問の声？ mixiのTwitterから友達をさがす機能が不評
kaden-channel	1		視聴率が悪いのはネットのせい？　テレビ関係者のコメントにネットが反論
it-life-hack	0		スマホ＆ケータイ、デジカメ＆携帯ゲーム機で！色んなSDカードを一挙解説！
it-life-hack	0		目的のキーワードへ素早くジャンプできるChrome拡張機能
it-life-hack	0		常識を塗り替える異次元の軽さ！NEC 世界最軽量Ultrabookが凄い
kaden-channel	1		ニコン、光学１４倍ズームを搭載した高倍率モデルのデジカメ「ＣＯＯＬＰＩＸ　Ｌ６１０」を発売
kaden-channel	1		土屋アンナが「今日はかわいく」紹介！　パナソニックが少数世帯向けのプチ家電を発表
kaden-channel	1		食品の収納スペースアップで冷気の漏れを押さえるパナソニックのトップユニット冷蔵庫新発売
kaden-channel	1		フリスクより小さい！　写真・動画撮影、音声録音も可能な超小型デジタルトイカメラ「400-CAM007シリーズ」
it-life-hack	0		考えると寝られなくなる！「念力」「滲透」「輪郭」、ドキっとする摩訶不思議な写真展
it-life-hack	0		やっぱりiPad3に間に合わせる為？孫社長がSB銀座旗艦店を必死に宣伝
it-life-hack	0		昼までに頼めば当日着！　ドスパラ通販の当日配達サービスが強化
it-life-hack	0		新ビジネスやワークスタイルを紹介！企業を商品で繋ぐ「zigBiz」で新コンテンツを配信
kaden-channel	1		応募された履歴書を使ってFacebookでなりすまし！　個人情報の悪用に要注意
kaden-channel	1		ライカからオールインワンタイプの光学24倍のズームレンズデジカメ「V-LUX3」発売
it-life-hack	0		微妙な知り合いからの友達申請に有効なFacebookワザ
it-life-hack	0		5機種並べて比較！ウルトラブック選びに迷わない　「ウルトラブック徹底比較表！MY BEST Ultrabook(TM)」が公開
kaden-channel	1		digi2　スマートフォン特集
it-life-hack	0		物語で英語力アップ！オーディオ電子書籍「Alice’s Adventures in Wonderland」
it-life-hack	0		手ごろな価格のクーラー登場　ノートPCの熱対策はOK？第二弾
it-life-hack	0		カーシェア・レンタル利用派に最適！シガーソケットホルダー for スマートフォン
it-life-hack	0		プレイ可能なGoogleロゴ第三弾！　Googleロゴがスポーツ関連画像に変化第十弾
kaden-channel	1		英語版WikipediaがSOPAへの抗議で24時間サイトを閉鎖！米国Googleも抗議表明
kaden-channel	1		やっぱり強かった！「家政婦のミタ」最終話の視聴率は歴代３位の４０％
it-life-hack	0		圧倒的No.1のゲームPCブランドを目指す！ドスパラがPCの新ロゴを発表
kaden-channel	1		業界初！　アンドロイドスマホと連携の炊飯ジャー登場にびっくり
it-life-hack	0		スケールがでかい！孫社長 米国留学支援に賞賛の声
it-life-hack	0		愛される英王子　裸で敬礼！ ハリー英国王子に対する英国軍人の大いなる愛
kaden-channel	1		ライオン、極細高密毛と音波振動でくすみを落とす「プラチアス　歯の美容クリーナー」などを発売
it-life-hack	0		MS「SkyDrive」が機能アップ！ クラウドサービスが「総Dropbox化」
kaden-channel	1		脳の損傷はヘロイン級？　ネット中毒の若者の脳が壊れている・・・
it-life-hack	0		投稿によって公開範囲を決めたい人のFacebookワザ
it-life-hack	0		(」=・ω・)」 (/=・ω・)/うー！にゃー！な簡単ゲーム
it-life-hack	0		今日はそういう日だったのか！Googleロゴが歌うカエルである理由
kaden-channel	1		写真好きはチャレンジ！ペンタックスリコーが事業統合を記念してフォトコンテスト開催
it-life-hack	0		ドラクエX情報やダウンロード販売詳細　任天堂のゲーム関連情報をまとめてみた
it-life-hack	0		国内向けスマホではアップデートが提供されない端末も！ Android端末選択指南
kaden-channel	1		恐るべし・・・！　電子タバコが爆発し、舌がちぎれる事件発生
it-life-hack	0		次世代PC最前線！Retina対応アプリの登場で変わるMacの世界
it-life-hack	0		Youtubeが7周年！　いまでは1分間で72時間分の動画がアップされるように！
kaden-channel	1		歯に描かれた電子タトゥーが、 虫歯や感染症を予防する
it-life-hack	0		家電もスマートに 節電を！電気を総合的にマネージメントする仕組みがスゴイ
it-life-hack	0		目的地にピタリとジャンプするWordの機能
it-life-hack	0		Ubuntuをもっと「Windows的」にしたい！ デスクトップのシェルを変更する
kaden-channel	1		電力使用量９日が８社管内で今夏最高
kaden-channel	1		「400億ドル使ってでもつぶしたい」！？　アンドロイドを憎んでいたスティーブジョブズ
it-life-hack	0		デジタル機器の使いこなしから話題のネタまで【デジ通】一気読み
it-life-hack	0		何よりも大切な宝ですね！孫社長の幸せ発言がネットで話題
kaden-channel	1		23時間以上ゲームやりすぎで死亡・・・台湾のネットカフェで誰も気がつかず
kaden-channel	1		新月を狙う！　この夏は天文写真の撮影に挑戦！
it-life-hack	0		次の名前はiPad 3？新しいiPadの機能はどうなる
kaden-channel	1		スマホで映画見る？　グーグルが日本のAndroidでも動画レンタルをスタート！　そもそもこれって流行るのか？
kaden-channel	1		iPhone用防水・防塵ケースで快適サイクリング
kaden-channel	1		人気シリーズの新たなラインナップ！　ニコンが「Nikon 1 J2」を発売
kaden-channel	1		iPhoneで禁止になったアプリがアンドロイドに登場！　発熱するカイロアプリ「ホカホン」
it-life-hack	0		その前にやることあるだろ！孫社長の画期的な構想に賛否両論
kaden-channel	1		残暑の日射しでビールがうまい！太陽光発電のビアガーデン
it-life-hack	0		何だこの計算器みたいなの？ Googleロゴが怪しい計算尺みたいになっている理由
kaden-channel	1		兵士の自殺問題をアプリで解決なるか？　アメリカで州兵の自殺防止アプリが登場
it-life-hack	0		過去最高のサウンド品質かも！ 音もナイスなRetina MacBook Pro 
kaden-channel	1		もう何がなんだか・・・中国で押収のiPhoneはガスコンロだった
it-life-hack	0		さらばFermi！Keplerアーキテクチャ採用のGPU NVIDIA GeForce GTX 680登場
kaden-channel	1		男性陣は要注意か？　SNSで女子が公開している写真は「チョイ盛り」だった
it-life-hack	0		いまどき1Gオーバーは当たり前！　Gバイト超えのファイルも扱える大容量ファイル転送サービスを使う
kaden-channel	1		五輪観戦しながらエクササイズ！　アルインコから室内フィットネス器具新発売
kaden-channel	1		編集特集・ナレーションテスト
kaden-channel	1		フリーズする！充電が持たない！！　順調に苦情が増えているマイクロソフトのクレームキャンペーン
it-life-hack	0		「こんな時、英語で何ていう？」日常生活とビジネスで使えるアプリ！
it-life-hack	0		次のMacはRetinaディスプレイ？Macの高解像度ディスプレイ搭載はいつか？
it-life-hack	0		かなり雰囲気のある写真が撮影できる「残像カメラ」
it-life-hack	0		今度の金環食を見逃さない！ 来る5月21日の金環食を楽しむアプリ
kaden-channel	1		ソフトバンク　VS　auに決着！　iPhoneの速度対決はauが勝利
it-life-hack	0		え？ホントかよ（笑） 合コン用語なる摩訶不思議な用語が話題に
it-life-hack	0		このまま3G通信を生かせないとどうなる？ PS Vitaの3G版の行く末
it-life-hack	0		口座なしでもほとんどの機能が使える！楽天証券のiPad用株式アプリ
kaden-channel	1		ホントに思ってる？　なんにでも「いいね！」を押す無思考型人間ってなんだ
kaden-channel	1		フジテレビのものまね番組がやりすぎ？　劇団ひとりとAKB48のブータン国王夫妻のものまねがひどい
it-life-hack	0		進む資料のデジタルアーカイブ化　国会図書館が明治時代から昭和27年までの官報を公開
it-life-hack	0		auの成長率が日本一！関西ユーザーにみる高いスマホ通信費の節約法
it-life-hack	0		ペットが毎日のように病気になる！ スマートペット育成記 （4）
kaden-channel	1		ソニー/キヤノン/パナソニック 大判センサービデオカメラ展示シュートアウトイベント 「CINEMA CINEMA CINEMA」
kaden-channel	1		パソコンはもういらない？　スマホの普及は３倍もパソコンは減少
it-life-hack	0		知らない人は宝の持ち腐れ！隠し機能を利用できる神アプリを解説 - Mac必須アプリ (4)
kaden-channel	1		僕が国産AndroidではXperia Arcがお勧めだと考えるワケ
it-life-hack	0		金環日食に続く天体ショー！　昨日の部分月食見ました？　そして明日もあるぞ！
kaden-channel	1		iPad2のカメラで顔色や胸の動きを読み取るだけ—呼吸と脈拍計測アプリ
it-life-hack	0		USB3.0対応で爆速データ転送！　9倍速のリーダー／ライター登場
it-life-hack	0		IE9のタブに表示中のWebページをサムネから切り替えるワザ
kaden-channel	1		レディー・ガガに並んだ！　グーグルが選んだ初の日本人アーティストは“バーチャルアイドル”「初音ミク」─　「Chrome」CMに出演中
it-life-hack	0		ついに発売日が決定！オリンパス、マイクロ一眼「OLYMPUS OM-D E-M5」の凄いところ
it-life-hack	0		新連載開始！元Google日本法人会長 村上憲郎氏も登場！教育とテクノロジーの祭典
kaden-channel	1		GREEのアメリカでの本気に注目！　開発要員を倍増へ
kaden-channel	1		餃子で節電！そして発電！　「餃子の王将」の発電店舗がすごい
it-life-hack	0		今日はそういう日だったのか！Googleロゴが変わっている理由
kaden-channel	1		１０月１６日は「ジョブズの日」カリフォルニア州が制定
it-life-hack	0		敗者は去れ？ 再挑戦を認めるか認めないかで荒れるクラウドファンディング「studygift」
kaden-channel	1		あなどれないiPod/iPhone/iPadの「生態系」
kaden-channel	1		電通が「スマート関連ビジネス」に本腰！　「スマート・イノベーション推進部」を新設
it-life-hack	0		あの有名漫画が無料で読める！　ニコニコ静画で少年ジャンプ作品の無料配信を開始
kaden-channel	1		au携帯の一部機種で電池パック発煙の可能性あり。対象者へは電池パック交換
it-life-hack	0		新型iPadの話題で持ち切りだった今週のIT業界
kaden-channel	1		流行のミラーレスカメラがニコンからもついに！「Nikon 1 J1」「Nikon 1 V1」が発表
it-life-hack	0		iPhoneで高度な画像編集が！シンプルながら多機能な画像編集アプリ
kaden-channel	1		オフィスでツボ押しリラックス！　小型の温感マッサージャーはパナソニック「プチリフレ」
it-life-hack	0		旧マシンを二台のSSDで超加速！　超寿命高速SSDとRAIDカードでシステムを爆速化
kaden-channel	1		ルフィとチョッパーが充電池に！「EVOLTA」が人気アニメ・ワンピースとコラボ
it-life-hack	0		なぜこんなに面倒なの？　ネット時代のサービス解約手続き
it-life-hack	0		ThinkPadのACアダプタはどうなる 太いコネクタが薄型化のネックに
it-life-hack	0		美しい映像と音楽も必見！銀座の名所、ソニービル公式Facebook ページがオープン
it-life-hack	0		お前らどんだけ起きてんだよ！　朝4時過ぎの朝焼け写真大量につき
kaden-channel	1		電子書籍の世界規格に縦書きも対応に
kaden-channel	1		ソニーがTransferJet規格対応の新LSIを商品化 
it-life-hack	0		孫社長が新スマホを大々的に宣伝！放射線測定スマホを開発した理由
kaden-channel	1		シャープ「KI-AX80」は除菌・脱臭・集じん・加湿・美肌効果のよくばり加湿器
kaden-channel	1		iPhoneに顔パス導入！　顔認証でのロック解除がいよいよ登場
kaden-channel	1		２０１３年春卒業の学生は昨年の２か月遅れで就活スタート！　「リクナビ」はアクセス殺到で一時停止【話題】
it-life-hack	0		ロープロ対応で省スペースPCに喝！　手ごろなRadeon HD 7750搭載グラボ登場！
it-life-hack	0		計算式をすばやくチェックできるExcelの便利ワザ
it-life-hack	0		どいつもこいつも！う〜にゃ〜！(」・ω・)」うー！(／・ω・)／にゃー！
kaden-channel	1		連載●極・ト書き一行のカット割り! 　 第5回
it-life-hack	0		アインシュタインが「宇宙最強」と命名した「iCompaund」で複利を理解
kaden-channel	1		いつでもどこでも集中ケア！　パナソニックから「目もとエステ」新発売
kaden-channel	1		国内で保証対応、9800円は魅力的！—ガイガーFUKUSHIMA iPhone接続専用
kaden-channel	1		NHKが本気を出した？　来年の大河ドラマ「平清盛」はテレビ離れを食い止められるか
it-life-hack	0		iPhone＆iPadでブラウザゲーム！整って来たHTML5環境
kaden-channel	1		Googleにどれくらいバレているのか？　ネットで話題のユーザー属性を確認してみた
kaden-channel	1		CP＋2012　動画関連で気になった展示
it-life-hack	0		話題の最新スマホの予約日が決定！ドコモ、MEDIAS X N-07Dを発売へ
it-life-hack	0		使用状況をビジュアル表示！メモリー割り当て状況を視覚化するRAMMap
kaden-channel	1		黒と白、ガンマの調整をするための オリジナルチャート
it-life-hack	0		今までがひどかったことの裏返しでは？孫社長 通信速度の大幅改善を強調
kaden-channel	1		アジア最大級の家電見本市シーテックが開幕！　話題は最先端省エネ技術か
it-life-hack	0		謎のカウントダウン中！　どうやらNVIDIAが近日中に何かやらかすらしい！
kaden-channel	1		パイオニア、ホームシアター向けブルーレイディスクプレーヤー「ＢＤＰ−４５０」を発売
it-life-hack	0		Excelで8桁の数字をまとめて日付データにする
it-life-hack	0		何だこのおもちゃみたいなの？ Googleロゴが子供のおもちゃみたいになっている理由
kaden-channel	1		節電対策の暖房器具選定は夏のうちに
it-life-hack	0		次世代22nmプロセッサー対応「Z77X-UD5H」マザーボードの魅力をさぐる
it-life-hack	0		英語の音声認識で英会話練習 自分の発音を客観的に知る方法
it-life-hack	0		あえてFermiを狙う！ KeplerではなくFermiで幸せになる！
it-life-hack	0		DL版は高く使い勝手も良くはない 任天堂のダウンロード販売始まる
kaden-channel	1		読書感想文にスマホを活用する
kaden-channel	1		「ガラスマ」VS「グロスマ」！満足できるスマホはどっち？
it-life-hack	0		会議の遅刻がなくなる！　Chromeの拡張機能
kaden-channel	1		字が汚い人には朗報か？　メモ入りの便利な付箋が作れる！　カシオが「memopri（メモプリ）」を発売
it-life-hack	0		冷却の匠がゲーミングマウス発表！ ZALMANより同社初のマウスをリリース
kaden-channel	1		これでさみしくない！クリスマスの「おひとりさま」を生温かくもてなしてくれるニコニコ本社
kaden-channel	1		あなたは大丈夫？　スマホでのメールチェックが仕事の妨げになっていると人事がご機嫌斜め
it-life-hack	0		投資に必須の知識が無料で学べる！ iPad用アプリ「QUICK投資情報館」がオススメ
it-life-hack	0		話題の最新スマホを活用する方法！iPhoneで使える意外と知らない技
kaden-channel	1		なんでも見下し、文句ばかり！　なんちゃってインテリに要注意
it-life-hack	0		意図しない共有をさがし出す！　ShareEnumで覚えのないファイルやフォルダの共有をチェック
kaden-channel	1		クリスマスプレゼントの人気はタブレット端末！　アメリカでの普及は？
kaden-channel	1		デジタル一眼レフカメラは現在コスパ重視の傾向、来年は新製品ラッシュの予感！
kaden-channel	1		女性が好きなのはFacebookで男性が好きなのはTwitterのなぜ
kaden-channel	1		健康とマネー管理の一石二鳥！シチズンが電子マネービューアー付き歩数計を発売
it-life-hack	0		人の役に立って奨励金まで貰える！島村氏が「NAVERまとめ」の魅力を語る
kaden-channel	1		エンターテインメントのダウンロードが「海賊」でなくなる時代の夜明け！？
kaden-channel	1		ハンガーに掛けたままスピード乾燥！シャープ、プラズマクラスター洗濯機がパワーアップ
kaden-channel	1		２０１２年はオシャレ家電で！　イデアの家電福袋はメンズ用とレディス用があり今年も期待大
it-life-hack	0		Excel表のデータの合計値を計算式を使わず表示する方法
it-life-hack	0		マイクロソフトのタブレットPC　Surfaceは売れるのか？ 
kaden-channel	1		ソニーVG20でショートムービーの予告編を撮る
kaden-channel	1		グリーが世界へ！　1億5千万人規模のプラットフォーム「GREE Platform」
kaden-channel	1		スタジアムにいなくても一緒に応援！　バルセロナVSアルサッド戦で「VAMOS VIEWING」初体験
kaden-channel	1		女子必見！スマホのカメラでお肌をチェック!!　富士通が家庭で簡単に肌を測定できる技術を開発
it-life-hack	0		ドコモでも同じ結果では？孫社長 SB幻滅発言に猛反論
it-life-hack	0		最強の情報リーダーアプリ登場！これでIT系ニュースの網羅は完璧
kaden-channel	1		デルからLEDバックライト付きフルHD液晶ディスプレイ発売に
it-life-hack	0		うちにもプラチナバンドが来た！　ソフトバンクのプラチナバンド帯が徐々に拡大中
kaden-channel	1		iPhone女子部がフリーペーパー「iPhone♡」を大手量販店やソフトバンクショップで配布開始
it-life-hack	0		まだまだ残暑厳しい今夏　ノートPCの熱対策はOK？
kaden-channel	1		彼女を作る前に持っておきたい身だしなみ家電3種！
it-life-hack	0		無料PDF作成ソフトを大活用！PDFでビジネスが変わる
kaden-channel	1		2011年の携帯・スマホの販売動向を振り返る〜Gfk 「2011年 家電・IT市場動向」
kaden-channel	1		脱原発で仕事激減の山本太郎！　収入は10分の1だが、本も出版で以前よりテレビに出てるかも？
it-life-hack	0		忘れそうになってた！孫社長の格言的な言葉が話題
kaden-channel	1		気をつけて！　スマートフォン、海外パケット定額プランのつもりが約100万円！のナゾ
it-life-hack	0		何これやばい！ウマそう！　ホントに学食？　最近の学食は驚きの豪華メニュー
it-life-hack	0		頭を使うアプリをお探しのアナタに！陣取り合戦風で囲碁にも似たブロックゲーム「Blokus」
kaden-channel	1		象印マホービン、くまのプーさん柄の調理家電「電気ケトル」など４アイテムを発売
it-life-hack	0		アプリを使って賢くショッピング♪　お買い得.netを徹底活用
kaden-channel	1		ぶっかけシーンに9時間！　AKB前田敦子もがんばる「最高の人生の終わり方」の今後に期待
it-life-hack	0		ソーシャルゲームは他と何が違う？高収益を上げるゲーム会社とは
it-life-hack	0		話題のスマホに強い味方！ドコモ MEDIAS LTE N-04D用大容量バッテリー
kaden-channel	1		iPad/iPhone/iPod touchのスピーカー＋充電スタンド＋デュアルアラームクロックの三役をこなす—『ロジクール ベッドサイド ドック』待望の発売再開！
kaden-channel	1		７インチディスプレイを搭載したGALAPAGOS「A01SH」は成功できるか？
kaden-channel	1		キヤノンからWi-Fi搭載の中級機が登場！
it-life-hack	0		ゲーム感覚でアメリカの地理が学べる！全米アプリランキング教育部門で2位獲得の「Stack the States」
it-life-hack	0		iPhone ・iPadがハイビジョンテレビに！次世代ルーターとテレキングの裏技
kaden-channel	1		感覚・体験を共有する　タッチ・インターネットが拓く未来（４）
kaden-channel	1		おもしろ回答が続々登場！　期待大の日本語版「Siri」の実力は？
kaden-channel	1		サイボーグ003がスタッフサービスと単独契約！　事務処理能力の才能あり？
kaden-channel	1		パナソニックGH2の最新ファームウェアが公開。 24Mbpsモード、AF精度が向上
it-life-hack	0		我が家の電波状況も良くなるかな？孫社長 格言的な言葉が話題
it-life-hack	0		周波数の単位に関係あり！Googleロゴが波のアニメの理由
it-life-hack	0		Firefoxのダウンロードを俄然便利にするアドオンソフト
it-life-hack	0		人の役に立ってお小遣いも稼げる！責任者が語る「NAVERまとめ」の魅力
it-life-hack	0		星空を好きな時間に自宅で見よう！都会の星 Mook（写真集）を限定販売
kaden-channel	1		コンテンツが高すぎる？　スタートしたばかりの「もっとTV」が話題にならない理由
it-life-hack	0		ドコモ7.8mmの有機ELスマホ開発！スリムボディのスマートフォン「docomo NEXT series P-04D」
it-life-hack	0		最新情報も見逃すな！ 大人気アニメ「宇宙兄弟」公式アプリ！
it-life-hack	0		自分が選んだニュースにコメントが！シェアで変わるITニュース活用法
kaden-channel	1		日焼け止めは白くなるくらい塗らないと効果がない！？
it-life-hack	0		色んなアイデアが爆発！　にゃんこ型イヤホンジャックカバーの次は何だ？
it-life-hack	0		虚構新聞が更新を一時停止！してますん！という嘘ニュース
kaden-channel	1		「最新」とつぶやくだけで最新ニュースをゲット！　定期配信も可能な便利機能が「LINE」に登場
it-life-hack	0		LANだけで動作するコンピュータ 電源不要のオールインワン型
kaden-channel	1		逆切れ？　初コメント？　母親の生活保護不正受給疑惑、河本準一がツイッターのプロフィールを変更
it-life-hack	0		iPhoneで作るビジネス文書、動画のムダをトリミング　iPhone活用術
kaden-channel	1		クリスマスはテレビを見よう！　２３日は家政婦じゃない松嶋菜々子を堪能！金曜ロードショーは「ゴースト　もういちど抱きしめたい」
it-life-hack	0		その圧倒的な画面の美しさ！新しいiPadは絶対買い 
it-life-hack	0		スマホやiPhoneを何度もフル充電！　最大で3台同時にスマホが充電できる大容量バッテリー
it-life-hack	0		乃木坂46ではデジカメがブーム？「1000メディア出演キャラバン」でメンバーに聞く
it-life-hack	0		Dock用スピーカーを簡単に無線化！いろんな器機で使えそうなBluetoothアダプター
kaden-channel	1		ラジオ英会話1年分を手のひらサイズに収録！SII電子辞書G6シリーズ
kaden-channel	1		アクセサリー感覚で楽しむ「キラキラ」体重計と活動量計
kaden-channel	1		「おもしろそう！」「見た目がおしゃれ！」女子中高生が１番欲しいのはiPhoneだった
kaden-channel	1		人気の Hulu オリジナルコンテンツが日本初上陸！！
kaden-channel	1		数年後に携帯電話回線がパンク！？　スマホの普及がもたらす新しい問題
kaden-channel	1		市場はスマホへ？　ドコモが人気の従来型携帯廃止を発表
kaden-channel	1		3D対応！パナソニックからブルーレイディーガ　プレミアムモデル2機種が新発売
it-life-hack	0		Excelの表作成がもっと快適になるキー操作を覚えよう
it-life-hack	0		GALAXY Noteをアウトドアでバリバリ使える！ GALAXY Note防水ケース
kaden-channel	1		一般投票１位のスギちゃんをを押さえてCOWCOW多田が初優勝！　R-1ぐらんぷりに「また吉本か！」の声も
kaden-channel	1		企業も大注目！　クールなガジェットが好きな女子が急増中
it-life-hack	0		CDケース大にSandyBridgeを搭載　ZOTACの新型コンパクトベアボーン
it-life-hack	0		レガシーデバイスをさらば！名実ともに次世代のMacBook Pro 
it-life-hack	0		Macもウイルスに感染 絶対安全なOSは存在しない
it-life-hack	0		なんだ、そうだったのか！Googleロゴが四角い建築である理由
kaden-channel	1		気になる冬の手荒れ対策に有効な家電は加湿器と食器洗い乾燥機
it-life-hack	0		Excel操作を簡略化！　ドラッグ＆ドロップでシート間コピー
it-life-hack	0		Word文書の見栄えがアップ！　クリップアートを透明化して活用
it-life-hack	0		自宅が無料ビデオレンタル店になる！8ch全録＆おまかせ録画が実現するテレビ天国
it-life-hack	0		写真の中に「人」がいる！美し過ぎる愛娘を通して人を撮る写真家に極意を見た
it-life-hack	0		「リーダー」機能は意外に便利！ iOSのSafariを上手に使う方法
it-life-hack	0		Windows＆LinuxのデュアルOS！ Thinkpad X1 Hybrid　3/9より発売開始！
kaden-channel	1		何が何でもiPhoneを守りたい人たちへ！　ハンマーでたたいても大丈夫な保護フィルム「ウルトラ衝撃吸収プロテクター」
it-life-hack	0		HTPCも作れるMini-ITXマザー登場！ZOTAC D2700-ITX WiFi Supreme
it-life-hack	0		ようやく普及期に入った3DS 専用ソーシャル機能が回り出した
kaden-channel	1		美人すぎるアメリカ人スーパーブロガーが来日取材！　気になるネットサービス「SHAPE OF LOVE」ってなんだ？
it-life-hack	0		マルチデバイスでしおりを同期！電子書籍の便利な機能
kaden-channel	1		「嫌だったら出て行け！」マツコの韓流批判にネットは賛成？　韓国では「日本文化なくなれ」と大反発！
kaden-channel	1		楽しいことにもいつかは終わりが・・・Google「Picnik」終了のお知らせが気になる
kaden-channel	1		今年の流行りをアプリでおさらい！　J-POP100曲が無料で聞ける「Music Beam」
kaden-channel	1		寝つけない夜に寝室で愛用…滝クリもオススメのスマートAVライフはパナソニックでチェック
kaden-channel	1		今度は香港で！　iPhone爆発もAppleは「使い方が悪い」
it-life-hack	0		Ultrabookにモバイルノートに最適！　厚さ9ミリUSB3.0対応のポータブルHDD「カクうす9」
it-life-hack	0		スレートPCとスピーカーをセットで！「feel Windows」オープン記念第三段！
kaden-channel	1		ネットで集まった祈りを祈祷・・・３月11日に山伏による復興祈願、供養が福島県で開催
it-life-hack	0		心の中に音を感じたときに撮る！相星哲也 氏が語る、音を感じる風景
it-life-hack	0		メモリ上に残るゴミをすっきり！MS純正メモリー開放ツール
it-life-hack	0		普及の実感が薄い海外での3DS ゲーム用SNSで魅力を生かせるか?
kaden-channel	1		ヘルシーで美味しいジュースがキレイの秘訣！シャープがスロージューサー新発売
kaden-channel	1		日立からホール・大会議室向け高輝度液晶プロジェクター新発売
it-life-hack	0		Z77搭載でお安いマザーも！？ ECSよりIntel 7シリーズ搭載マザー
kaden-channel	1		赤っ恥！　釈由美子に続き及川光博もiPhoneがよくわかっていなかった
kaden-channel	1		手間賃の方が高い？　拾ったAKBの画像を150円でネットで売り逮捕
kaden-channel	1		話題のｉＰｈｏｎｅ５、１０月４日に米アップルが発表か
it-life-hack	0		アナタなら10個のCPU何に使う？　SandyBridge-EとX79マザーの使い道を大募集中
kaden-channel	1		プロフィール写真をスタイリッシュに！　ポートレート写真の撮影に挑戦
it-life-hack	0		3秒でわかる！イー・モバイル、次世代モバイル通信「EMOBILE LTE」対応端末を一挙紹介
kaden-channel	1		良かった？　やっぱりダメ？　「食器洗い機不要論」は本当なのか
it-life-hack	0		オリジナルのままじゃつまらない！　ひと手間加えてTumblrのデザインを変更する
kaden-channel	1		グーグルプラスで衝撃！　AKB前田敦子が顔面センターをついに持ちネタ化し好感度アップ
kaden-channel	1		１位は友達！　あなたは１週間でいちばん誰に多くメールする？
kaden-channel	1		スマホ回線の値下げ競争がはじまる！　auのスマートバリュー発表はどう影響するか
it-life-hack	0		本日11時よりライブ配信開始！　ソフトバンク＆ウィルコム新製品発表会
kaden-channel	1		節電するのが当たり前！　震災後節電への意識が変わった日本列島
kaden-channel	1		あっという間に完璧なヘアスタイルが完成！　シャープのプラズマクラスタードライヤーでサロンと同じ仕上がりに
it-life-hack	0		動物好きなアナタに！ iPhoneを動物図鑑にしてくれるアプリ
kaden-channel	1		クリスマスディナーにもぴったり！　、「あんどん」をモチーフにしたライト「LEDあんどん　OLIGHT LS-8151W」は充電式
kaden-channel	1		テレビも電子書籍もインターネットも！　お風呂を楽しむなら 「ビエラ・ワンセグ」ＳＶ−ＭＥ１０００
kaden-channel	1		「あっ間違いちゃった♪」　なんだかんだで、頭の回転が速いローラがTwitterでファンを魅了
it-life-hack	0		Twitterとテレビを連携！テレビ視聴の楽しみ方を変える NECの「つぶやきプラス」
kaden-channel	1		死刑になる恐れも！　ムハンマドにツイッター上でタメ口を使った文筆家逮捕
it-life-hack	0		無料で情報収集＆発信できる次世代SNS「tumblr」を活用する
kaden-channel	1		おしゃれウォッチ！　テキストで時間を表示してくれる腕時計「QLOCKTWO W」が登場
it-life-hack	0		女子部必見！Peachyアプリが10万ダウンロードを突破
it-life-hack	0		ドコモのスマホに強い味方！ドコモ Optimus LTE L-01D用スタンダード大容量バッテリー
kaden-channel	1		洗濯したければゲームをクリアしろ！　イギリスの学生が発明した洗濯機が楽しすぎる
kaden-channel	1		水に浮いているようなリラックス姿勢で本格派—ソファ型マッサージチェア「Ｚｅｒｏｆｌｏａｔ　マッサージチェアＡＳ−６５０ＺＧ」発売
it-life-hack	0		違法ダウンロード刑罰化やRetinaディスプレ搭載MacBook Pro登場まで１週間を振り返る
kaden-channel	1		今夜はみんなでバルス！　ニコ動が今夜放送の「天空の城ラピュタ」実況生配信
kaden-channel	1		パナソニックからプロシューマー向けの2D/3DカメラのHDC-Z10000登場
kaden-channel	1		男子は見てる！　エチケットカットを怠らず視線から逃げない顔を作るには？
kaden-channel	1		通話相手の存在感を伝える抱き枕『ハグビー』—ヴイストン ロボットセンター 東京秋葉原店で2012 年4 月27 日〜5 月27 日に展示
kaden-channel	1		ZACUTO社製 キヤノンC300用アクセサリーが発売
kaden-channel	1		スマートフォン専用放送局「NOTTV」が詳細を発表！対応端末はドコモから3月に発売
it-life-hack	0		使いこなし指南の知っ得！虎の巻
it-life-hack	0		ワイルドな英語プリントだぜぇ！　スギちゃん風な英語の教材プリントが話題に
kaden-channel	1		「個人被ばく線量計」の機能についておさらいしてみよう
kaden-channel	1		連載●After Effects 天国への階段 第10回
it-life-hack	0		語れば語るほど、メッキが剥がれていく！孫社長「あきらめていないか？」
it-life-hack	0		ユーザー同士が情報交換できる！総合レビューサイト「iriver Review Portal」がスタート
it-life-hack	0		DropboxはLAN DISKで管理する時代へ！複数Dropboxアカウントをまとめて利用する方法
kaden-channel	1		アメーバピグ「15歳以下規制」ついに実施！　キッズが激怒でブログが炎上
it-life-hack	0		高耐久HDD搭載PC登場！　ドスパラより壊れにくいHDDを採用したモデルが登場
kaden-channel	1		東芝は世界に先駆けて「レグザ５５Ｘ３」を日本で発売
it-life-hack	0		ふぉっくす紺子だよ！暑中お見舞いカードもらってくれてありがとー
kaden-channel	1		iPhone4Sにまた問題発生？　今度は突然SIMカードの読み取りが不可能に・・・
it-life-hack	0		Mountain Lion登場！　25日よりMac App StoreからMountain Lion公開
kaden-channel	1		連載●After Effects 天国への階段 第11回
kaden-channel	1		駐車場の出し入れはスマホにお任せ！　日産が公開の電気自動車「ＰＩＶＯ（ピボ）３」がすごい！
kaden-channel	1		「なんで失恋の歌？」ソニーの「ウォークマン　Sシリーズ」CMで流れる西野カナの歌声に疑問の声
it-life-hack	0		iPhoneに直接転送できるスキャナ！「iスキャミル ミニ」が凄い
kaden-channel	1		この時期に頼りになるのは空気清浄機！　豪徳寺美鈴が悩んでゲットしたのはコレ！
kaden-channel	1		コンプガチャの規制にGLAYのTERUが激怒！「小学生が150万請求されるって、そんなの知らんわ！」
kaden-channel	1		たむけん、ツイッター炎上から焼肉店の営業妨害へ・・・一体なぜ起こったのか？【話題】　
it-life-hack	0		「写真の町」から生まれた「念力、滲透、輪郭」とは？　気鋭の写真家が描く世界にドキッ
kaden-channel	1		中東マネーがすごい！　サウジアラビア王子がTwitterに投資で、その額３億ドル！！
it-life-hack	0		おはこんこん、ふぉっくす紺子です！アキバで流れる動画が決まりました
kaden-channel	1		親しき仲にも礼儀あり！友人による写真や情報の無断投稿に9割が不快感
kaden-channel	1		あなたのパスワードは大丈夫？　避けた方がいいワーストパスワードが発表
it-life-hack	0		ゲームサウンドが聴き放題！ 24時間無料でゲームサウンドが聴けるSQUARE-ENIX AUDIO
it-life-hack	0		Kepler最新モデル登場！　深夜販売も行われたNVIDIAの最新GPU「GeForce GTX 660 Ti」
kaden-channel	1		花粉対策もできる電球タイプの蛍光灯—ラブロスの「シルバーイオンライト」
kaden-channel	1		必要以上にはしゃぎすぎ！　リア充を演出する人が増加中
kaden-channel	1		１人暮らしに最適！ハイアールからワンタッチ温め対応のレンジ「JM-V16A」が登場
it-life-hack	0		夏のボーナス金額は増！ ただし商品の購入に充てる割合は大幅減
it-life-hack	0		ついに発売日が決定！有機ELスマートフォン「DELL Streak Pro 101DL」が凄い
it-life-hack	0		スタートアップ設定や特殊なデフラグ！　ゴールデンウィークはPCをメンテナンス
it-life-hack	0		富士通がクラウドサービスを開始！「My Cloud」はどんな発展をするのか？
it-life-hack	0		最新CPUに出会えるチャンス！「Intel Technology Day in Akiba 2012」を開催へ
kaden-channel	1		テストレポート プロ機材ドットコム　TEEDAスタビライザー
kaden-channel	1		新緑の季節に大活躍しそう！ブラック・アンド・デッカー芝生・庭木バリカン発売
it-life-hack	0		液晶一体型！新型ワークステーションからインド製携帯電話まで【デジ通】一気読み
it-life-hack	0		Androidアップデートは何が重要か? OSのアップデートよりも重要な事
kaden-channel	1		Facebookをチェックして誰のとなりに座るか決められる！　航空会社が発表したびっくり座席指定システム
it-life-hack	0		深くお詫び申し上げます！探検ドリランドの一部機能を停止
it-life-hack	0		iPhoneやiPadが目ざまし時計になるユニークなガジェット登場！
it-life-hack	0		作業用BGMを探すのに最適！　お気に入りのアーティストを連続再生「Musictonic」
kaden-channel	1		「日本の侵略戦争がすべてのはじまり」で謹慎のまんべくんが「ごめんなさい。がんばります」と復活していた
kaden-channel	1		Test Report ソニーα77　作例動画
it-life-hack	0		雑誌をPDF化してiPadで読む裏技！スキャナー活用のノウハウを伝授
it-life-hack	0		作品から溢れ出る音を感じよう！相星哲也の写真展「韻」の不思議
kaden-channel	1		大人だって可愛いお腹に癒される！　タカラトミー「おやすみ　グーグーフレンズ　くまのプーさん」新発売
kaden-channel	1		「脱原発とは関係ない」姉の大麻所持逮捕に山本太郎がツイッターでコメント
it-life-hack	0		無線LANで映像を飛ばそう！ユニークな地デジチューナー付きルーター
kaden-channel	1		もはや動くスマホ？　トヨタが発表のコンセプトカー「Fun-Vii」がすごすぎると話題に
kaden-channel	1		Androidアプリ開発者必見！あんざいゆきさんの人気メルマガが「BLOGOSメルマガ」に登場！
it-life-hack	0		2ステップで録画開始！ Youtubeやニコニコが録画できるB′s 動画レコーダー 2
it-life-hack	0		アナタはまだブラウザのブックマーク？　ブックマーク管理はライフリストがオススメ
it-life-hack	0		切れない携帯はホントに必要か？　東京メトロにおける携帯のサービスエリア拡大
kaden-channel	1		アプリでカタログをもっと楽しめる！　開発秘話も読めるデジカメ「NEX-7」専用のARアプリ登場
it-life-hack	0		東芝より3TバイトHDD登場！ 主要メーカーの3.5インチHDDで3Tバイトモデルが出そろう
it-life-hack	0		MS Office互換、Google IMEも使える！　イザというときのUbuntu環境構築まとめ
it-life-hack	0		auなら月額590円で映画が見放題！新作映画も楽しめる「ビデオパス」が凄い
it-life-hack	0		とりあえずペンディング！　続・無許可ダウンロードの罰則化が引き起こす問題
it-life-hack	0		いよいよ開業間近！ 東京スカイツリー観光に行くなら「東京スカイツリー Navi」がオススメ！
it-life-hack	0		メモ型クラウドサービス「Droplr」 備忘録やブックマークに使える
kaden-channel	1		停電などの非常時に備える！HONDAがプロパンガス仕様のポータブル発電機を開発
it-life-hack	0		中高年の星！地方発の価格比較ができる便利サイト「お買い得.net」活用のススメ
it-life-hack	0		こんな目で娘に見つめられたい！娘と父の美しすぎる蜜月 久保和範写真展「恋人」
it-life-hack	0		高解像度の写真で見る！キヤノンのミラーレス一眼「EOS M」はココが凄い
it-life-hack	0		スティックタイプのコンデジ登場！　Optio新モデルは気分に合わせて着せ替え可能
kaden-channel	1		のどが痛くて歌えない！　主題歌が間に合わないＡＫＢさしこはプロ失格か
kaden-channel	1		生真面目かつ革新的にパワーアップする次世代テレビ—ソニーCrystal LED Display
it-life-hack	0		非公式アプリでも結構イケる！ UbuntuでもEvernoteが使える
kaden-channel	1		パナソニック新発売のエアコンは新開発「トップユニット」構造の「Xシリーズ」
kaden-channel	1		NEX-FS100での色創りとライティングを映画『彩〜aja〜』から学ぶ
it-life-hack	0		新iPad時代の定番はコレだ！iPhoneとiPadを同時充電＋ステレオスピーカー内蔵スタンド
it-life-hack	0		1年保証をさらに1年延長！　2年の保証が付くASRock製Intel 7シリーズ搭載マザー
kaden-channel	1		やはり気になる……ガイガーカウンターの購入を考える人は全体の17．2％
it-life-hack	0		SOHOや小規模事業所に最適、NETGEAR 16ポートギガビットスマートスイッチの試用企業を募集
kaden-channel	1		ソフトバンク孫社長の「iPhone、iPad、スマートフォン…どれも持っていない人は、人生を悔い改めて」発言に余計なお世話だ！
kaden-channel	1		女子必見！？　ソフトバンクからキティちゃんのスマホ登場
it-life-hack	0		Excel表を書き換えたのに再計算されない!?　を解決する
kaden-channel	1		WEB業界は「ろくろ回し過ぎ」ってなんだ？　ネットでインタビューが話題に
it-life-hack	0		MSがSkyDriveをアップデート！　 その外観はまさに「Metro風」（旧称）に！
kaden-channel	1		家族で使えるタブレット登場！　シャープ、NTT西、イオンらが共同でサービス発表
it-life-hack	0		来たぜ！お祭り第3弾！GIGABYTE板祭でZ77マザーのレビューアーを大募集
kaden-channel	1		スマートフォンの満足度、トップは「Xperia arc」
kaden-channel	1		ネット上での顔出しに抵抗ある？20代の88.4％が「抵抗ある」
it-life-hack	0		え？これ食べれるの？　海外のバースデーケーキの見事さが話題に